sapling.id,site.plot,species,region,tube,livedead,growth,years.grown,max.growth
1,MDI_1,r.cedar,maine,Y,1,-9.5,5.5,2.5
2,MDI_1,tulip,southern,N,1,-15.5,3,3.5
3,MDI_1,r.oak,local,N,1,-40,1.5,0
4,MDI_1,s.gum,southern,N,1,21,5.5,29
5,MDI_1,w.spruce,local,N,1,28.5,5.5,28.5
6,MDI_1,w.oak,maine,Y,1,5.5,3.5,11.5
7,MDI_1,ch.oak,maine,N,1,-8,1.5,0
8,MDI_1,w.pine,local,N,1,41.5,5.5,41.5
9,MDI_1,w.oak,maine,N,1,-12,5.5,5
10,MDI_1,r.oak,local,N,1,-40.1,1.5,0
12,MDI_1,r.cedar,maine,N,1,13.3,5.5,27.3
13,MDI_1,ch.oak,maine,Y,1,-14.3,3,4.2
14,MDI_1,tulip,southern,N,1,-17.7,1.5,4.8
15,MDI_1,w.pine,local,N,1,46.5,5.5,46.5
16,MDI_1,s.gum,southern,N,1,-29.9,5.5,0
17,MDI_1,w.oak,maine,N,1,-3.5,1.5,1
18,MDI_1,tulip,southern,N,1,6.5,1.5,13
19,MDI_1,w.pine,local,N,1,34,5.5,34
20,MDI_1,ch.oak,maine,N,1,-16.5,3.5,10.5
21,MDI_1,r.oak,local,Y,1,-82,3,13
22,MDI_1,s.gum,southern,N,1,,4,21
23,MDI_1,w.spruce,local,N,1,5.5,1.5,5.5
24,MDI_1,r.cedar,maine,N,1,1,1.5,1
25,MDI_1,w.pine,local,N,1,59.5,5.5,59.5
26,MDI_1,r.cedar,maine,N,1,-6.1,5.5,4.9
27,MDI_1,tulip,southern,Y,1,-6.8,5,22.7
28,MDI_1,w.oak,maine,Y,1,-10.6,5.5,14.4
29,MDI_1,s.gum,southern,N,1,-17,3.5,28
30,MDI_1,ch.oak,maine,Y,1,6.4,5.5,10.4
31,MDI_1,r.oak,local,Y,1,-22.9,1.5,0
32,MDI_1,w.spruce,local,N,1,17.4,5.5,17.4
33,MDI_1,s.gum,southern,N,1,40,5.5,40
34,MDI_1,r.oak,local,Y,1,-53.9,5,20
35,MDI_1,r.cedar,maine,N,1,-33.5,2,0
36,MDI_1,w.spruce,local,N,1,13,5.5,13
37,MDI_1,w.oak,maine,N,1,14,3.5,14
38,MDI_1,w.pine,local,N,,60.5,5.5,60.5
39,MDI_1,tulip,southern,N,1,5.5,3.5,10.5
40,MDI_1,ch.oak,maine,N,1,-10,5.5,12
41,MDI_1,w.spruce,local,Y,1,108.9,1.5,108.9
42,MDI_1,r.oak,local,N,1,-25.7,5,0
43,MDI_1,s.gum,southern,N,1,15.5,3.5,15.5
44,MDI_1,w.pine,local,N,1,60.6,5.5,60.6
45,MDI_1,tulip,southern,N,1,15.4,4.5,15.4
46,MDI_1,ch.oak,maine,Y,1,-7,4,14
47,MDI_1,w.oak,maine,Y,1,5.5,1.5,8.5
48,MDI_1,r.cedar,maine,N,1,0.7,0.5,0.7
49,MDI_1,tulip,southern,N,1,12,1.5,12
50,MDI_1,r.cedar,maine,Y,1,-1,0.5,0
51,MDI_1,w.oak,maine,N,1,-5,5.5,4
52,MDI_1,ch.oak,maine,Y,1,-2.5,5.5,11.5
53,MDI_1,s.gum,southern,Y,1,-14.5,5.5,32
54,MDI_1,w.spruce,local,N,1,5,4,6.5
55,MDI_1,w.pine,local,N,1,55,5.5,55
56,MDI_1,r.oak,local,Y,1,9.5,1.5,9.5
57,MDI_1,r.cedar,maine,N,1,-5,0.5,0
58,MDI_1,w.oak,maine,N,1,-1.8,5.5,35.2
59,MDI_1,s.gum,southern,N,1,-30,3,20
60,MDI_1,w.pine,local,Y,1,15.2,1.5,15.2
61,MDI_1,w.spruce,local,N,1,12.1,5.5,12.1
62,MDI_1,r.oak,local,N,1,-31.6,5.5,0
63,MDI_1,ch.oak,maine,N,1,-41.6,5.5,19.4
64,MDI_1,tulip,southern,N,1,0.7,1.5,7.2
65,MDI_1,r.oak,local,Y,1,-3,5.5,0
66,MDI_1,s.gum,southern,Y,1,43.5,2.5,43.5
67,MDI_1,w.spruce,local,N,1,23,5.5,23
68,MDI_1,tulip,southern,Y,1,1.5,0.5,1.5
69,MDI_1,ch.oak,maine,N,1,72,5.5,72
70,MDI_1,r.cedar,maine,N,1,-19.5,2.5,0
71,MDI_1,w.oak,maine,Y,1,-2.5,5.5,7.5
72,MDI_1,w.pine,local,N,1,30,5.5,30
73,MDI_1,r.cedar,maine,N,1,-1,3.5,1.5
74,MDI_1,w.spruce,local,N,1,41.9,5.5,43.9
75,MDI_1,ch.oak,maine,Y,1,-38.3,5.5,20.7
76,MDI_1,r.oak,local,N,1,-3.8,0.5,0
77,MDI_1,w.pine,local,N,1,50.4,5.5,50.4
78,MDI_1,tulip,southern,N,1,-21,5.5,12.5
79,MDI_1,s.gum,southern,N,1,-21.1,3.5,11.4
80,MDI_1,w.oak,maine,N,1,-9.4,5.5,5.6
81,MDI_1,ch.oak,maine,N,1,60.5,3.5,60.5
82,MDI_1,w.pine,local,N,1,58.5,5.5,58.5
83,MDI_1,tulip,southern,Y,1,15,5.5,15
84,MDI_1,r.oak,local,N,1,0,0,0
85,MDI_1,w.oak,maine,N,1,-14,5.5,9
86,MDI_1,w.spruce,local,N,1,3,5.5,3
87,MDI_1,r.cedar,maine,N,1,0,0,0
88,MDI_1,s.gum,southern,N,1,-10.5,5.5,11.5
89,MDI_1,ch.oak,maine,N,1,-21,5.5,25
90,MDI_1,tulip,southern,N,1,-5.2,5.5,5.8
91,MDI_1,w.pine,local,N,1,71.5,5.5,71.5
92,MDI_1,s.gum,southern,Y,1,-10.5,5.5,20.5
93,MDI_1,r.cedar,maine,N,1,1.2,1.5,2.7
94,MDI_1,w.oak,maine,Y,1,-10.5,3,0
95,MDI_1,w.spruce,local,N,1,5,5.5,5
96,MDI_1,r.oak,local,N,1,-1.5,0.5,0
97,MDI_2,r.cedar,maine,N,1,28,5.5,28
98,MDI_2,tulip,southern,N,1,-16,2.5,0
99,MDI_2,r.oak,local,Y,1,-40,2,0
100,MDI_2,s.gum,southern,Y,1,-26,3,31.5
101,MDI_2,w.spruce,local,N,1,6,5.5,16
102,MDI_2,w.oak,maine,N,1,-3.5,5.5,5.5
103,MDI_2,ch.oak,maine,N,1,-14,5.5,1
104,MDI_2,w.pine,local,Y,1,83.5,5.5,102.097
105,MDI_2,w.oak,maine,Y,1,18.2,3.5,18.2
106,MDI_2,r.oak,local,N,1,-68.4,5.5,0
107,MDI_2,w.spruce,local,N,1,9.4,5.5,12.4
108,MDI_2,r.cedar,maine,Y,1,1.8,5.5,12.8
109,MDI_2,ch.oak,maine,N,1,4.6,5.5,44.6
110,MDI_2,tulip,southern,N,1,20.2,3.5,20.2
111,MDI_2,w.pine,local,N,1,55.8,5.5,55.8
112,MDI_2,s.gum,southern,N,1,0.6,3.5,5.6
113,MDI_2,w.oak,maine,N,1,4,5.5,7
114,MDI_2,tulip,southern,Y,1,17,3.5,23
115,MDI_2,w.pine,local,N,1,77,5.5,77
116,MDI_2,ch.oak,maine,N,1,-12.5,1.5,5.5
117,MDI_2,r.oak,local,Y,1,96,5.5,102
118,MDI_2,s.gum,southern,N,1,-19.5,5.5,15
119,MDI_2,w.spruce,local,Y,1,13,5.5,13
120,MDI_2,r.cedar,maine,N,1,11,5.5,12
121,MDI_2,w.pine,local,N,1,16.9,1.5,16.9
122,MDI_2,r.cedar,maine,N,1,23.8,5.5,31.8
123,MDI_2,tulip,southern,Y,1,5.4,2,59.4
124,MDI_2,w.oak,maine,N,1,-17.5,5,12.4
125,MDI_2,s.gum,southern,N,1,0.1,5.5,31.1
126,MDI_2,ch.oak,maine,N,1,3.7,1.5,9.2
127,MDI_2,r.oak,local,N,1,-41.9,5,4.6
128,MDI_2,w.spruce,local,N,1,17.4,5.5,17.4
129,MDI_2,s.gum,southern,Y,1,25,3.5,45
130,MDI_2,r.oak,local,Y,1,-29,5.5,0
131,MDI_2,r.cedar,maine,N,1,-21.5,2.5,0
132,MDI_2,w.spruce,local,N,1,6.5,1.5,6.5
133,MDI_2,w.oak,maine,Y,1,0,5.5,6
134,MDI_2,w.pine,local,N,1,88.5,5.5,88.5
135,MDI_2,tulip,southern,N,1,-35,4,0
136,MDI_2,ch.oak,maine,Y,1,-18,5.5,4
137,MDI_2,w.spruce,local,N,1,13.6,5.5,13.6
138,MDI_2,r.oak,local,N,1,5.6,1.5,5.6
139,MDI_2,s.gum,southern,N,1,-33.6,4.5,18.4
140,MDI_2,w.pine,local,N,1,78.3,5.5,78.3
141,MDI_2,tulip,southern,N,1,20.1,3.5,26.1
142,MDI_2,ch.oak,maine,N,1,-30.1,5.5,0
143,MDI_2,w.oak,maine,Y,1,-7.4,5.5,16.6
144,MDI_2,r.cedar,maine,N,1,0,0,0
145,MDI_2,tulip,southern,Y,1,-13,3.5,0
146,MDI_2,r.cedar,maine,N,1,1,0.5,1
147,MDI_2,w.oak,maine,N,1,8.5,5.5,8.5
148,MDI_2,ch.oak,maine,Y,1,-12.5,5.5,15.5
149,MDI_2,s.gum,southern,N,1,-16,4.5,45
150,MDI_2,w.spruce,local,N,1,21,5.5,21
151,MDI_2,w.pine,local,N,1,60.5,5.5,60.5
152,MDI_2,r.oak,local,N,1,38,5,38
153,MDI_2,r.cedar,maine,N,1,0,0,0
154,MDI_2,w.oak,maine,Y,1,-9.5,5.5,21.5
155,MDI_2,s.gum,southern,N,1,-9.2,5.5,13.8
156,MDI_2,w.pine,local,N,1,81.2,5.5,81.2
157,MDI_2,w.spruce,local,N,1,14.9,5.5,14.9
158,MDI_2,r.oak,local,Y,1,-27.6,1.5,0
159,MDI_2,ch.oak,maine,N,1,-44.9,5.5,0
160,MDI_2,tulip,southern,N,1,-34,5.5,0
161,MDI_2,r.oak,local,Y,1,5,3.5,5
162,MDI_2,s.gum,southern,Y,1,-21,2.5,35
163,MDI_2,w.spruce,local,N,1,12,4.5,12
164,MDI_2,tulip,southern,N,1,11,0.5,11
165,MDI_2,ch.oak,maine,Y,1,-49.5,5.5,29.5
166,MDI_2,r.cedar,maine,N,1,-8.5,1.5,0
167,MDI_2,w.oak,maine,N,1,5,5.5,21
168,MDI_2,w.pine,local,N,1,113.8,5.5,113.8
169,MDI_2,r.cedar,maine,N,1,2.8,1.5,2.8
170,MDI_2,w.spruce,local,Y,1,18.3,1.5,18.3
171,MDI_2,ch.oak,maine,Y,1,13.3,5,69.3
172,MDI_2,r.oak,local,N,1,-11.2,4,0
173,MDI_2,w.pine,local,N,1,46.4,5.5,46.4
174,MDI_2,tulip,southern,N,1,30.6,3.5,32.6
175,MDI_2,s.gum,southern,N,1,-35.7,5,8.2
176,MDI_2,w.oak,maine,N,1,5.3,5.5,5.3
177,MDI_2,ch.oak,maine,N,1,-56,5.5,6
178,MDI_2,w.pine,local,N,1,55.5,5.5,55.5
179,MDI_2,tulip,southern,N,1,-14.2,2.5,3.8
180,MDI_2,r.oak,local,N,1,0,0,0
181,MDI_2,w.oak,maine,N,1,-9,1.5,1.5
182,MDI_2,w.spruce,local,N,1,6.5,1.5,6.5
183,MDI_2,r.cedar,maine,N,1,-4,1,10
184,MDI_2,s.gum,southern,N,1,-0.5,5.5,0
185,MDI_2,ch.oak,maine,Y,1,-20.6,5.5,16.4
186,MDI_2,tulip,southern,N,1,3.1,1.5,3.1
187,MDI_2,w.pine,local,N,1,23.8,5.5,32.8
188,MDI_2,s.gum,southern,N,1,-7.4,3.5,5.1
189,MDI_2,r.cedar,maine,N,1,29.2,5.5,29.2
190,MDI_2,w.oak,maine,Y,1,-6.5,1.5,1
191,MDI_2,w.spruce,local,N,1,6,1.5,6
192,MDI_2,r.oak,local,N,1,-44,1.5,0
193,MDI_3,r.cedar,maine,N,1,-7.6,0.5,0
194,MDI_3,tulip,southern,N,1,-28.2,1.5,2.3
195,MDI_3,r.oak,local,Y,1,-0.2,0.5,0
196,MDI_3,s.gum,southern,N,1,-4.2,3.5,0
197,MDI_3,w.spruce,local,N,1,7.2,0.5,7.2
198,MDI_3,w.oak,maine,N,1,13.9,5.5,120.9
199,MDI_3,ch.oak,maine,Y,1,0,0,0
200,MDI_3,w.pine,local,N,1,59.2,5.5,59.2
201,MDI_3,w.oak,maine,N,1,3.5,0.5,3.5
202,MDI_3,r.oak,local,Y,1,-11.5,0.5,0
203,MDI_3,w.spruce,local,N,1,0,0,0
204,MDI_3,r.cedar,maine,N,1,-17,3.5,0
205,MDI_3,ch.oak,maine,N,1,-9.5,5.5,1.5
206,MDI_3,tulip,southern,N,1,-31,2.5,0
207,MDI_3,w.pine,local,Y,1,48,5.5,49
208,MDI_3,s.gum,southern,N,1,5,1.5,7
209,MDI_3,w.oak,maine,N,1,-7.6,5,2.4
210,MDI_3,tulip,southern,Y,1,-17.6,3,1.4
211,MDI_3,w.pine,local,N,1,30.6,5.5,30.6
212,MDI_3,ch.oak,maine,N,1,-28,5,29
213,MDI_3,r.oak,local,Y,1,-42.2,2.5,5.3
214,MDI_3,s.gum,southern,N,1,-18.5,2.5,4.5
215,MDI_3,w.spruce,local,Y,1,9.7,3,108.7
216,MDI_3,r.cedar,maine,N,1,1.7,0.5,1.7
217,MDI_3,w.pine,local,Y,1,47.5,5.5,47.5
218,MDI_3,r.cedar,maine,N,1,0,0,0
219,MDI_3,tulip,southern,Y,1,12,3.5,15
220,MDI_3,w.oak,maine,N,1,0,0,0
221,MDI_3,s.gum,southern,N,1,3.5,1.5,3.5
222,MDI_3,ch.oak,maine,N,1,-8,5.5,4.5
223,MDI_3,r.oak,local,N,1,9.5,3.5,9.5
224,MDI_3,w.spruce,local,N,1,-14,1,0
225,MDI_3,s.gum,southern,N,1,-7.7,1.5,0
226,MDI_3,r.oak,local,Y,1,-6,1.5,0
227,MDI_3,r.cedar,maine,N,1,0,0,0
228,MDI_3,w.spruce,local,N,1,-9.4,4.5,6.6
229,MDI_3,w.oak,maine,N,1,-2.3,1,0.2
230,MDI_3,w.pine,local,N,1,24,4,35
231,MDI_3,tulip,southern,N,1,2.4,2.5,5.4
232,MDI_3,ch.oak,maine,Y,1,-37.3,5.5,0
233,MDI_3,w.spruce,local,N,1,41.5,5.5,41.5
234,MDI_3,r.oak,local,Y,1,0,0,0
235,MDI_3,s.gum,southern,N,1,-27.5,4.5,9.5
236,MDI_3,w.pine,local,N,1,12,5.5,13
237,MDI_3,tulip,southern,Y,1,3.5,2.5,11.5
238,MDI_3,ch.oak,maine,N,1,-46,5.5,4.5
239,MDI_3,w.oak,maine,Y,1,-4.5,1.5,0
240,MDI_3,r.cedar,maine,N,1,-8,0.5,0
241,MDI_3,tulip,southern,N,1,4.6,3.5,5.6
242,MDI_3,r.cedar,maine,N,1,-7.3,5.5,9.7
243,MDI_3,w.oak,maine,Y,1,11.8,3.5,11.8
244,MDI_3,ch.oak,maine,N,1,5.8,0.5,5.8
245,MDI_3,s.gum,southern,Y,1,29.2,3.5,30.2
246,MDI_3,w.spruce,local,N,,-1.8,5.5,0.2
247,MDI_3,w.pine,local,N,1,49.8,5.5,49.8
248,MDI_3,r.oak,local,Y,1,2.6,5.5,16.6
249,MDI_3,r.cedar,maine,N,1,-0.5,0.5,0
250,MDI_3,w.oak,maine,Y,1,3.5,0.5,3.5
251,MDI_3,s.gum,southern,N,1,-11,3.5,4
252,MDI_3,w.pine,local,N,1,0,0,0
253,MDI_3,w.spruce,local,N,1,12,5.5,13
254,MDI_3,r.oak,local,Y,1,-6,0.5,0
255,MDI_3,ch.oak,maine,N,1,-9,5.5,1.5
256,MDI_3,tulip,southern,N,1,-17.5,2,4
257,MDI_3,r.oak,local,N,1,-13,5,0
258,MDI_3,s.gum,southern,N,1,12.1,3.5,22.6
259,MDI_3,w.spruce,local,N,1,0,0,0
260,MDI_3,tulip,southern,N,1,7.6,3.5,16.1
261,MDI_3,ch.oak,maine,N,1,-12.9,5.5,4.1
262,MDI_3,r.cedar,maine,Y,1,0.9,0.5,0.9
263,MDI_3,w.oak,maine,Y,1,1.6,5.5,30.6
264,MDI_3,w.pine,local,N,1,17.1,5.5,17.1
265,MDI_3,r.cedar,maine,N,1,-23.5,1,0
266,MDI_3,w.spruce,local,N,1,9,5.5,10
267,MDI_3,ch.oak,maine,Y,1,8,0.5,8
268,MDI_3,r.oak,local,N,1,2,0.5,2
269,MDI_3,w.pine,local,N,1,4,0.5,4
270,MDI_3,tulip,southern,N,1,12,4,12
271,MDI_3,s.gum,southern,N,1,-3.5,4.5,5.5
272,MDI_3,w.oak,maine,N,1,0,0,0
273,MDI_3,ch.oak,maine,Y,1,-23,5.5,27
274,MDI_3,w.pine,local,N,1,27.1,5.5,27.1
275,MDI_3,tulip,southern,N,1,8.1,3.5,8.1
276,MDI_3,r.oak,local,Y,1,0,0,0
277,MDI_3,w.oak,maine,N,1,1.5,5.5,1.5
278,MDI_3,w.spruce,local,N,1,11.3,5.5,11.3
279,MDI_3,r.cedar,maine,N,1,0,0,0
280,MDI_3,s.gum,southern,N,1,-41.5,4.5,8.5
281,MDI_3,ch.oak,maine,Y,1,-37,2.5,9
282,MDI_3,tulip,southern,N,1,11,0.5,11
283,MDI_3,w.pine,local,N,1,64,5.5,64
284,MDI_3,s.gum,southern,N,1,7,3.5,7
285,MDI_3,r.cedar,maine,N,1,0,0,0
286,MDI_3,w.oak,maine,N,1,1,5.5,4.5
287,MDI_3,w.spruce,local,N,1,0,0,0
288,MDI_3,r.oak,local,Y,1,-22,0.5,0
289,MDI_4,r.cedar,maine,N,1,42,5.5,42
290,MDI_4,tulip,southern,N,1,0,0,0
291,MDI_4,r.oak,local,Y,1,59.5,5.5,98.5
292,MDI_4,s.gum,southern,Y,1,32,0.5,32
293,MDI_4,w.spruce,local,N,1,6.6,0.5,6.6
294,MDI_4,w.oak,maine,N,1,0,0,0
295,MDI_4,ch.oak,maine,N,1,-6,2,0
296,MDI_4,w.pine,local,Y,1,43.1,5.5,50.1
297,MDI_4,w.oak,maine,N,1,0,2.5,1
298,MDI_4,r.oak,local,N,1,-32,5.5,0
299,MDI_4,w.spruce,local,Y,1,22,5.5,52
300,MDI_4,r.cedar,maine,Y,1,15.5,5.5,116.5
301,MDI_4,ch.oak,maine,N,1,-0.3,1.5,7.7
302,MDI_4,tulip,southern,N,1,0,0,0
303,MDI_4,w.pine,local,N,1,71.5,5.5,71.5
304,MDI_4,s.gum,southern,Y,1,59.5,3.5,75.5
305,MDI_4,w.oak,maine,Y,1,0,0,0
306,MDI_4,tulip,southern,N,1,0,0,0
307,MDI_4,w.pine,local,N,1,10.8,2.5,10.8
308,MDI_4,ch.oak,maine,Y,1,-0.5,5.5,23.5
309,MDI_4,r.oak,local,Y,1,4.4,0.5,4.4
310,MDI_4,s.gum,southern,N,1,0.9,1.5,16.4
311,MDI_4,w.spruce,local,N,1,7.8,2,7.8
312,MDI_4,r.cedar,maine,N,1,-32.6,1,0
313,MDI_4,w.pine,local,N,1,70.5,5.5,70.5
314,MDI_4,r.cedar,maine,N,1,0,0,0
315,MDI_4,tulip,southern,N,1,18,0.5,18
316,MDI_4,s.gum,southern,Y,1,59,3.5,97
317,MDI_4,s.gum,southern,N,,0.1,1.5,7.1
318,MDI_4,ch.oak,maine,N,1,0,0,0
319,MDI_4,r.oak,local,N,1,0,0,0
320,MDI_4,w.spruce,local,N,1,11.6,1,11.6
321,MDI_4,s.gum,southern,N,1,55,2.5,55
322,MDI_4,r.oak,local,N,1,0,0.5,0
323,MDI_4,r.cedar,maine,N,1,0,0,0
324,MDI_4,w.spruce,local,N,1,12.5,3,13.5
325,MDI_4,w.oak,maine,N,1,0,0,0
326,MDI_4,w.pine,local,Y,1,84.6,5.5,84.6
327,MDI_4,tulip,southern,N,1,0,0,0
328,MDI_4,ch.oak,maine,Y,1,-13,5.5,87
329,MDI_4,w.spruce,local,N,1,36.5,5.5,36.5
330,MDI_4,r.oak,local,Y,1,42.5,5,67.5
331,MDI_4,s.gum,southern,N,1,1,1.5,33
332,MDI_4,w.pine,local,N,1,1.9,0.5,1.9
333,MDI_4,tulip,southern,N,1,0,0,0
334,MDI_4,ch.oak,maine,N,1,0,0,0
335,MDI_4,w.oak,maine,N,1,0.9,0.5,0.9
336,MDI_4,r.cedar,maine,N,1,0,0,0
337,MDI_4,tulip,southern,Y,1,19,0.5,19
338,MDI_4,r.cedar,maine,N,1,-15.5,1,0
339,MDI_4,w.oak,maine,N,1,0,0,0
340,MDI_4,ch.oak,maine,Y,1,-10,5.5,22
341,MDI_4,s.gum,southern,N,1,9.4,0.5,9.4
342,MDI_4,w.spruce,local,N,1,54.4,5.5,54.4
343,MDI_4,w.pine,local,N,1,69.8,5.5,44161.8
344,MDI_4,r.oak,local,N,1,0,0,0
345,MDI_4,r.cedar,maine,N,1,0,0,0
347,MDI_4,s.gum,southern,N,1,3.7,1.5,18.7
348,MDI_4,w.pine,local,N,1,115,5.5,115
349,MDI_4,w.spruce,local,N,1,21.1,5.5,21.1
350,MDI_4,r.oak,local,Y,1,-8.4,5.5,52.6
351,MDI_4,ch.oak,maine,Y,1,36.6,5.5,56.6
352,MDI_4,tulip,southern,Y,,17.9,1.5,18.9
353,MDI_4,r.oak,local,Y,1,-5,1.5,0
354,MDI_4,s.gum,southern,N,1,11,0.5,11
355,MDI_4,w.spruce,local,N,1,8.3,3,8.3
356,MDI_4,tulip,southern,Y,1,-19,0.5,0
357,MDI_4,ch.oak,maine,Y,1,5,5.5,79
358,MDI_4,r.cedar,maine,N,1,34,5.5,34
359,MDI_4,w.oak,maine,Y,1,0,0,0
360,MDI_4,w.pine,local,N,1,113.4,5.5,113.4
361,MDI_4,r.cedar,maine,N,1,-3.5,0.5,0
362,MDI_4,w.spruce,local,N,1,10,1.5,10
363,MDI_4,ch.oak,maine,N,1,0,0,0
364,MDI_4,r.oak,local,N,1,0,0,0
365,MDI_4,w.pine,local,N,1,72.9,5.5,72.9
366,MDI_4,tulip,southern,N,1,8.3,0.5,8.3
367,MDI_4,s.gum,southern,N,1,,1,2.8
368,MDI_4,w.oak,maine,N,,-15,1,0
369,MDI_4,ch.oak,maine,N,1,-53,2,2.5
370,MDI_4,w.pine,local,N,1,106,5.5,106
371,MDI_4,tulip,southern,N,1,-40,1,1.5
372,MDI_4,r.oak,local,N,1,0,0,0
373,MDI_4,w.oak,maine,N,1,0.4,1.5,1.9
374,MDI_4,w.spruce,local,N,1,81.4,5.5,81.4
375,MDI_4,r.cedar,maine,N,1,-18,2.5,2
376,MDI_4,s.gum,southern,N,1,0,0,0
377,MDI_4,ch.oak,maine,N,1,-2,0.5,0
378,MDI_4,tulip,southern,N,1,-4,0.5,0
379,MDI_4,w.pine,local,N,1,93,5.5,93
380,MDI_4,s.gum,southern,Y,1,,1.5,74
381,MDI_4,r.cedar,maine,N,1,19.8,5.5,19.8
382,MDI_4,w.oak,maine,Y,1,-21.6,1,10.4
383,MDI_4,w.spruce,local,N,1,44,5.5,44
384,MDI_4,r.oak,local,Y,1,-7,5.5,34
385,Schoodic_1,r.cedar,maine,Y,1,-3.5,0.5,0
386,Schoodic_1,tulip,southern,N,1,-45.3,0.5,0
387,Schoodic_1,r.oak,local,Y,1,-7.7,4,36.3
388,Schoodic_1,s.gum,southern,N,1,-16.7,4,18.3
389,Schoodic_1,w.spruce,local,N,1,-11,2.5,0
390,Schoodic_1,w.oak,maine,N,1,18.5,3.5,18.5
391,Schoodic_1,ch.oak,maine,Y,1,-27.6,5.5,72.4
392,Schoodic_1,w.pine,local,N,1,-6.2,0.5,0
393,Schoodic_1,w.oak,maine,N,1,-8.2,5.5,2.8
394,Schoodic_1,r.oak,local,Y,1,-6.4,5,115.6
395,Schoodic_1,w.spruce,local,N,,-12.5,0.5,0
396,Schoodic_1,r.cedar,maine,N,1,0.2,0.5,0.2
397,Schoodic_1,ch.oak,maine,N,1,-58.4,5.5,5.1
398,Schoodic_1,tulip,southern,N,1,0,0,0
399,Schoodic_1,w.pine,local,N,1,-12.9,2.5,0
400,Schoodic_1,s.gum,southern,Y,1,21.4,1,40.4
401,Schoodic_1,w.oak,maine,N,1,-21,5.5,2
402,Schoodic_1,tulip,southern,Y,1,28.2,1.5,41.2
403,Schoodic_1,w.pine,local,N,1,-11.9,0.5,0
404,Schoodic_1,ch.oak,maine,Y,1,5,3.5,90
405,Schoodic_1,r.oak,local,N,1,-48.7,2,16.3
406,Schoodic_1,s.gum,southern,N,1,46.3,5.5,46.3
407,Schoodic_1,w.spruce,local,N,1,53.9,0.5,53.9
408,Schoodic_1,r.cedar,maine,N,1,-43.1,3,0
409,Schoodic_1,w.pine,local,N,1,-20.7,1,5.8
410,Schoodic_1,r.cedar,maine,N,1,0,0,0
411,Schoodic_1,tulip,southern,N,1,-29.2,2,0
412,Schoodic_1,w.oak,maine,N,1,-16.9,5,0
413,Schoodic_1,s.gum,southern,Y,1,145.7,5.5,145.7
414,Schoodic_1,ch.oak,maine,Y,1,57.7,5.5,68.7
415,Schoodic_1,r.oak,local,N,1,-9.9,5.5,0
416,Schoodic_1,w.spruce,local,N,1,-13.5,3,0
417,Schoodic_1,s.gum,southern,N,1,0.6,1,43.6
418,Schoodic_1,r.oak,local,N,1,0,0,0
419,Schoodic_1,r.cedar,maine,N,1,7.5,0.5,7.5
420,Schoodic_1,w.spruce,local,Y,1,-12.4,1.5,4.6
421,Schoodic_1,w.oak,maine,N,1,-8.3,5.5,12.7
422,Schoodic_1,w.pine,local,N,1,-9.1,1,2.4
423,Schoodic_1,tulip,southern,Y,1,4.5,1,14.5
424,Schoodic_1,ch.oak,maine,N,1,-25.4,5.5,0
425,Schoodic_1,w.spruce,local,N,1,,0.5,0
426,Schoodic_1,r.oak,local,Y,1,-2.2,5,12.8
427,Schoodic_1,s.gum,southern,N,1,2.8,5.5,32.8
428,Schoodic_1,w.pine,local,N,1,-4.8,1,1.7
429,Schoodic_1,tulip,southern,N,1,-14.1,4.5,64.9
430,Schoodic_1,ch.oak,maine,Y,1,24.2,5.5,41.2
431,Schoodic_1,w.oak,maine,Y,1,35,3.5,35
432,Schoodic_1,r.cedar,maine,N,1,3.7,1,3.7
433,Schoodic_1,tulip,southern,N,1,-12.9,5.5,24.1
434,Schoodic_1,r.cedar,maine,Y,1,4.7,4.5,44.7
435,Schoodic_1,w.oak,maine,Y,1,-20.8,5.5,25.2
436,Schoodic_1,ch.oak,maine,N,1,-56.3,3.5,6.7
437,Schoodic_1,s.gum,southern,N,1,-7.6,5.5,27.4
438,Schoodic_1,w.spruce,local,N,1,-11.2,1.5,0
439,Schoodic_1,w.pine,local,N,1,-15.3,1.5,6.7
440,Schoodic_1,r.oak,local,N,1,-35.1,5.5,3.7
441,Schoodic_1,r.cedar,maine,N,1,-0.3,0.5,0
442,Schoodic_1,w.oak,maine,N,1,-25.1,5.5,0
443,Schoodic_1,s.gum,southern,N,1,-9.4,4.5,32.6
444,Schoodic_1,w.pine,local,Y,1,0,0,0
445,Schoodic_1,w.spruce,local,N,1,-14.2,1,5.8
446,Schoodic_1,r.oak,local,Y,1,-1.5,0.5,0
447,Schoodic_1,ch.oak,maine,N,1,-31.7,5.5,8.3
448,Schoodic_1,tulip,southern,N,1,-25.4,1.5,16.1
449,Schoodic_1,r.oak,local,N,1,-13.1,2,0
450,Schoodic_1,s.gum,southern,N,1,-26.3,4.5,5.7
451,Schoodic_1,w.spruce,local,N,1,1,0.5,1
452,Schoodic_1,tulip,southern,N,1,-36.4,4.5,3.6
453,Schoodic_1,ch.oak,maine,Y,1,38.4,1.5,38.4
454,Schoodic_1,r.cedar,maine,N,1,0.8,0.5,0.8
455,Schoodic_1,w.oak,maine,Y,1,-16.5,5,0
456,Schoodic_1,w.pine,local,N,1,3.3,0.5,3.3
457,Schoodic_1,r.cedar,maine,N,1,0,0,0
458,Schoodic_1,w.spruce,local,N,1,-11.1,0.5,0
459,Schoodic_1,ch.oak,maine,N,1,-33.2,5,0
460,Schoodic_1,r.oak,local,N,1,-17.1,5.5,0
461,Schoodic_1,w.pine,local,N,,0.9,3,0.9
462,Schoodic_1,tulip,southern,N,1,-1.5,5,38
463,Schoodic_1,s.gum,southern,Y,1,4.3,0.5,4.3
464,Schoodic_1,w.oak,maine,Y,1,12.5,5.5,25.5
465,Schoodic_1,ch.oak,maine,N,1,-89.4,2.5,2.6
466,Schoodic_1,w.pine,local,N,1,0.3,0.5,0.3
467,Schoodic_1,tulip,southern,N,1,-26.5,3.5,17
468,Schoodic_1,r.oak,local,Y,1,10.9,3,24.9
469,Schoodic_1,w.oak,maine,N,1,-8.5,5.5,0
470,Schoodic_1,w.spruce,local,N,1,-15.7,0.5,0
471,Schoodic_1,r.cedar,maine,N,1,2.2,0.5,2.2
472,Schoodic_1,s.gum,southern,N,1,-14.2,0.5,0
473,Schoodic_1,ch.oak,maine,N,1,-70.3,3.5,6.7
474,Schoodic_1,tulip,southern,Y,1,2.7,0.5,2.7
475,Schoodic_1,w.pine,local,N,1,-9.7,1,1.8
476,Schoodic_1,s.gum,southern,N,1,-16.5,0.5,0
477,Schoodic_1,r.cedar,maine,N,1,-0.4,0.5,0
478,Schoodic_1,w.oak,maine,Y,1,-7.9,4,13.1
479,Schoodic_1,w.spruce,local,N,1,0.1,1.5,3.1
480,Schoodic_1,r.oak,local,N,1,-53.2,5.5,1.3
481,Schoodic_2,r.cedar,maine,Y,1,1,0.5,1
482,Schoodic_2,tulip,southern,N,1,-12,5.5,13
483,Schoodic_2,r.oak,local,N,1,0,0,0
484,Schoodic_2,s.gum,southern,Y,1,23.5,0.5,23.5
485,Schoodic_2,w.spruce,local,N,1,-12.5,0.5,0
486,Schoodic_2,w.oak,maine,N,1,1,0.5,1
487,Schoodic_2,ch.oak,maine,N,1,-24.8,0.5,0
488,Schoodic_2,w.pine,local,N,1,-7.5,1.5,0
489,Schoodic_2,w.oak,maine,N,1,-27,1.5,0
490,Schoodic_2,r.oak,local,Y,1,-35.2,5.5,10.8
491,Schoodic_2,w.spruce,local,N,1,-9.5,1,0
492,Schoodic_2,r.cedar,maine,N,1,-40,4.5,2
493,Schoodic_2,ch.oak,maine,Y,1,5.5,1,5.5
494,Schoodic_2,tulip,southern,Y,1,3.7,0.5,3.7
495,Schoodic_2,w.pine,local,N,1,-6.5,0.5,0
496,Schoodic_2,s.gum,southern,N,1,-1.9,0.5,0
497,Schoodic_2,w.oak,maine,N,1,1.5,5.5,1.5
498,Schoodic_2,tulip,southern,N,1,-55.2,4.5,5.8
499,Schoodic_2,w.pine,local,N,1,-14.3,1,0
500,Schoodic_2,ch.oak,maine,Y,1,-6,5.5,1.5
501,Schoodic_2,r.oak,local,Y,1,16,4,22
502,Schoodic_2,s.gum,southern,N,1,-7.7,1.5,7.3
503,Schoodic_2,w.spruce,local,N,1,-9,1,0
504,Schoodic_2,r.cedar,maine,N,1,0,0,0
505,Schoodic_2,w.pine,local,N,1,-8.5,1,6.5
506,Schoodic_2,r.cedar,maine,N,1,3.3,0.5,3.3
507,Schoodic_2,tulip,southern,N,1,42.7,3.5,45.7
508,Schoodic_2,w.oak,maine,N,1,-6,5.5,1
509,Schoodic_2,s.gum,southern,N,1,-24.5,5.5,10.5
510,Schoodic_2,ch.oak,maine,Y,1,-13.3,5.5,4.7
511,Schoodic_2,r.oak,local,N,1,-25.5,5.5,0.5
512,Schoodic_2,w.spruce,local,Y,1,4.6,5.5,4.6
513,Schoodic_2,s.gum,southern,Y,1,-25.7,1.5,9.8
514,Schoodic_2,r.oak,local,N,1,-14.5,5.5,0
515,Schoodic_2,r.cedar,maine,N,1,-10.3,0.5,0
516,Schoodic_2,w.spruce,local,N,1,-16,1,0
517,Schoodic_2,w.oak,maine,N,1,-14.5,5.5,0
518,Schoodic_2,w.pine,local,N,1,-4,0.5,0
519,Schoodic_2,tulip,southern,N,1,0,4.5,23
520,Schoodic_2,ch.oak,maine,Y,1,-44.8,1.5,7.2
521,Schoodic_2,w.spruce,local,N,1,-10.6,1.5,0
522,Schoodic_2,r.oak,local,N,1,-76.7,2,0
523,Schoodic_2,s.gum,southern,N,1,-23.1,1,29.9
524,Schoodic_2,w.pine,local,Y,1,6.5,3.5,16.5
525,Schoodic_2,tulip,southern,N,1,-15.3,4.5,0
526,Schoodic_2,ch.oak,maine,N,1,-24.5,5.5,5.5
527,Schoodic_2,w.oak,maine,Y,1,-5,5.5,23
528,Schoodic_2,r.cedar,maine,N,1,0.8,0.5,0.8
529,Schoodic_2,tulip,southern,N,1,-17.5,2.5,0
530,Schoodic_2,r.cedar,maine,N,1,-8.5,0.5,0
531,Schoodic_2,w.oak,maine,Y,1,-11,3,12
532,Schoodic_2,ch.oak,maine,N,1,-41.5,5.5,4.5
533,Schoodic_2,s.gum,southern,N,1,-18.8,3.5,0
534,Schoodic_2,w.spruce,local,N,1,6.5,5.5,6.5
535,Schoodic_2,w.pine,local,N,1,11,5.5,11
536,Schoodic_2,r.oak,local,Y,1,25.4,5.5,35.4
537,Schoodic_2,r.cedar,maine,N,1,0.1,0.5,0.1
538,Schoodic_2,w.oak,maine,N,1,-9.5,2.5,2.5
539,Schoodic_2,s.gum,southern,N,1,-39.8,2.5,4.2
540,Schoodic_2,w.pine,local,N,1,-7.8,0.5,0
541,Schoodic_2,w.spruce,local,N,1,9.1,5.5,9.1
542,Schoodic_2,r.oak,local,Y,1,-24.6,5.5,25.4
543,Schoodic_2,ch.oak,maine,N,1,15.5,5.5,15.5
544,Schoodic_2,tulip,southern,N,1,-10.9,4.5,6.1
545,Schoodic_2,r.oak,local,N,1,-16.5,1,0
546,Schoodic_2,s.gum,southern,N,1,-14.5,0.5,0
547,Schoodic_2,w.spruce,local,N,1,-6.9,1.5,0
548,Schoodic_2,tulip,southern,Y,1,-0.4,0.5,0
549,Schoodic_2,ch.oak,maine,N,1,-29.7,5.5,2.8
550,Schoodic_2,r.cedar,maine,N,1,-8.5,0.5,0
551,Schoodic_2,w.oak,maine,Y,1,-9.3,5.5,9.7
552,Schoodic_2,w.pine,local,N,1,0,0,0
553,Schoodic_2,r.cedar,maine,N,1,-23,0.5,0
554,Schoodic_2,w.spruce,local,Y,1,0,0,0
555,Schoodic_2,ch.oak,maine,Y,1,-52.6,1.5,0
556,Schoodic_2,r.oak,local,N,1,0,0,0
557,Schoodic_2,w.pine,local,N,1,-23.9,1,0
558,Schoodic_2,tulip,southern,Y,1,18.2,5.5,22.2
559,Schoodic_2,s.gum,southern,N,1,0,0,0
560,Schoodic_2,w.oak,maine,N,1,-19.8,1.5,0.7
561,Schoodic_2,ch.oak,maine,Y,1,7,0.5,7
562,Schoodic_2,w.pine,local,N,1,-6.1,0.5,0
563,Schoodic_2,tulip,southern,N,1,8.1,4.5,25.1
564,Schoodic_2,r.oak,local,N,1,-0.8,1,4.2
565,Schoodic_2,w.oak,maine,N,1,-2.8,5.5,0
566,Schoodic_2,w.spruce,local,N,1,0,0,0
567,Schoodic_2,r.cedar,maine,N,1,0,0,0
568,Schoodic_2,s.gum,southern,Y,1,-33.5,1.5,16
569,Schoodic_2,ch.oak,maine,N,1,-21.1,1.5,1.9
570,Schoodic_2,tulip,southern,N,1,-21.5,0.5,0
571,Schoodic_2,w.pine,local,N,1,-12.1,1.5,0
572,Schoodic_2,s.gum,southern,N,1,,1,0
573,Schoodic_2,r.cedar,maine,N,1,0,0,0
574,Schoodic_2,w.oak,maine,Y,1,-1.9,0.5,0
575,Schoodic_2,w.spruce,local,N,1,-33.5,0.5,0
576,Schoodic_2,r.oak,local,N,1,,0,
577,Schoodic_2,r.oak,local,Y,1,-6.6,2.5,0
578,Schoodic_3,r.cedar,maine,N,1,-0.1,0.5,0
579,Schoodic_3,tulip,southern,N,1,-69,0.5,0
580,Schoodic_3,r.oak,local,Y,1,0,0,0
581,Schoodic_3,s.gum,southern,N,1,-21.7,3.5,0
582,Schoodic_3,w.spruce,local,N,1,6.1,0.5,6.1
583,Schoodic_3,w.oak,maine,N,1,-6.9,0.5,0
584,Schoodic_3,ch.oak,maine,N,1,1.6,0.5,1.6
585,Schoodic_3,w.pine,local,Y,1,-0.8,0.5,0
586,Schoodic_3,w.oak,maine,Y,1,0,0,0
587,Schoodic_3,r.oak,local,N,1,0,0,0
588,Schoodic_3,w.spruce,local,N,1,-12.8,1,0
589,Schoodic_3,r.cedar,maine,N,1,2.9,0.5,2.9
590,Schoodic_3,ch.oak,maine,Y,1,0.6,0.5,0.6
591,Schoodic_3,tulip,southern,Y,1,-21,3.5,14
592,Schoodic_3,w.pine,local,N,1,2.4,0.5,2.4
593,Schoodic_3,s.gum,southern,N,1,0,0,0
594,Schoodic_3,w.oak,maine,N,1,-3,1.5,0
595,Schoodic_3,tulip,southern,N,1,0,0,0
596,Schoodic_3,w.pine,local,N,1,-8.2,0.5,0
597,Schoodic_3,ch.oak,maine,Y,1,2.1,0.5,2.1
598,Schoodic_3,r.oak,local,N,1,-10.1,1,5.4
599,Schoodic_3,s.gum,southern,Y,1,-13.8,5.5,20.2
600,Schoodic_3,w.spruce,local,N,1,0,0,0
601,Schoodic_3,r.cedar,maine,N,1,-4.9,0.5,0
602,Schoodic_3,w.pine,local,N,1,-12.6,1.5,0
603,Schoodic_3,r.cedar,maine,N,1,-0.1,0.5,0
604,Schoodic_3,tulip,southern,N,1,-2,1.5,11
605,Schoodic_3,w.oak,maine,Y,1,-8.6,1,3.4
606,Schoodic_3,s.gum,southern,N,1,-7.2,5.5,2.8
607,Schoodic_3,ch.oak,maine,N,1,-20.8,5.5,0
608,Schoodic_3,r.oak,local,Y,1,0,0,0
609,Schoodic_3,w.spruce,local,N,1,0.5,0.5,0.5
610,Schoodic_3,s.gum,southern,N,1,-1,0.5,0
611,Schoodic_3,r.oak,local,N,1,0,0,0
612,Schoodic_3,r.cedar,maine,N,1,-5.7,0.5,0
613,Schoodic_3,w.spruce,local,Y,1,-3.9,0.5,0
614,Schoodic_3,w.oak,maine,N,1,-18,5,0
615,Schoodic_3,w.pine,local,N,1,-18.5,1.5,0
616,Schoodic_3,tulip,southern,Y,1,-8.2,3.5,12.3
617,Schoodic_3,ch.oak,maine,N,1,-45.8,5.5,0
618,Schoodic_3,w.spruce,local,N,1,0,0,0
619,Schoodic_3,r.oak,local,Y,1,-8.5,0.5,0
620,Schoodic_3,s.gum,southern,N,1,-1,0.5,0
621,Schoodic_3,w.pine,local,N,1,-10.5,0.5,0
622,Schoodic_3,tulip,southern,N,1,-30.6,4.5,0
623,Schoodic_3,ch.oak,maine,Y,1,-0.5,5,21.5
624,Schoodic_3,w.oak,maine,N,1,-38,2,0
625,Schoodic_3,r.cedar,maine,N,1,-39.6,1.5,0
626,Schoodic_3,tulip,southern,N,1,8,0.5,8
627,Schoodic_3,r.cedar,maine,N,1,-0.2,0.5,0
628,Schoodic_3,w.oak,maine,Y,1,-22,1,0
629,Schoodic_3,ch.oak,maine,N,1,1.5,0.5,1.5
630,Schoodic_3,s.gum,southern,N,1,-44.3,3,0
631,Schoodic_3,w.spruce,local,N,1,-8.7,1.5,2.8
632,Schoodic_3,w.pine,local,Y,1,0,0,0
633,Schoodic_3,r.oak,local,N,1,-21,5,0.5
634,Schoodic_3,r.cedar,maine,N,1,-1,0.5,0
635,Schoodic_3,w.oak,maine,N,1,-1.7,0.5,0
636,Schoodic_3,s.gum,southern,N,1,0,0,0
637,Schoodic_3,w.pine,local,N,1,-2.9,0.5,0
638,Schoodic_3,w.spruce,local,N,1,-0.2,0.5,0
639,Schoodic_3,r.oak,local,N,1,-5,0.5,0
640,Schoodic_3,ch.oak,maine,Y,1,0,0,0
641,Schoodic_3,tulip,southern,N,1,-9.7,1.5,11.8
642,Schoodic_3,r.oak,local,N,1,-34.5,3,0
643,Schoodic_3,s.gum,southern,Y,1,26,0.5,26
644,Schoodic_3,w.spruce,local,N,1,0,0,0
645,Schoodic_3,tulip,southern,Y,1,1,2,12
646,Schoodic_3,ch.oak,maine,N,1,-40,5,3.5
647,Schoodic_3,r.cedar,maine,Y,1,0,0,0
648,Schoodic_3,w.oak,maine,N,1,-3.9,0.5,0
649,Schoodic_3,w.pine,local,N,1,-2.6,3.5,0.4
650,Schoodic_3,r.cedar,maine,N,1,0.5,0.5,0.5
651,Schoodic_3,w.spruce,local,N,1,-5.4,0.5,0
652,Schoodic_3,ch.oak,maine,Y,1,0,0,0
653,Schoodic_3,r.oak,local,Y,1,0,0,0
654,Schoodic_3,w.pine,local,N,1,-5.3,0.5,0
655,Schoodic_3,tulip,southern,N,1,5,0.5,5
656,Schoodic_3,s.gum,southern,N,1,-0.6,0.5,0
657,Schoodic_3,w.oak,maine,N,1,-2,0.5,0
658,Schoodic_3,ch.oak,maine,N,1,-17.3,1,1.7
659,Schoodic_3,w.pine,local,N,1,-24.6,1,0
660,Schoodic_3,tulip,southern,N,1,-14.1,0.5,0
661,Schoodic_3,r.oak,local,N,1,-18.1,0.5,0
662,Schoodic_3,w.oak,maine,Y,1,-14.3,5.5,20.7
663,Schoodic_3,w.spruce,local,N,1,0,0,0
664,Schoodic_3,r.cedar,maine,N,1,1.5,0.5,1.5
665,Schoodic_3,s.gum,southern,N,1,-35,1.5,3
666,Schoodic_3,ch.oak,maine,N,1,-52.8,5.5,1.2
667,Schoodic_3,tulip,southern,N,1,-14,1,0
668,Schoodic_3,w.pine,local,N,1,-26.6,1.5,0
669,Schoodic_3,s.gum,southern,Y,1,-1.1,1.5,21.9
670,Schoodic_3,r.cedar,maine,N,1,0.5,0.5,0.5
671,Schoodic_3,w.oak,maine,Y,1,0,0,0
672,Schoodic_3,w.spruce,local,N,1,1.3,0.5,1.3
673,Schoodic_3,r.oak,local,Y,1,-14.9,0.5,0
674,Schoodic_4,r.cedar,maine,Y,1,0,0,0
675,Schoodic_4,tulip,southern,N,1,-19.7,1,0
676,Schoodic_4,r.oak,local,N,1,-28.2,1,0
677,Schoodic_4,s.gum,southern,N,1,-29.1,5.5,7.9
678,Schoodic_4,w.spruce,local,N,1,-6.3,0.5,0
679,Schoodic_4,w.oak,maine,N,1,-20.3,2.5,0
680,Schoodic_4,ch.oak,maine,Y,1,0,0,0
681,Schoodic_4,w.pine,local,N,1,0,0,0
682,Schoodic_4,w.oak,maine,N,1,-14.6,2,0
683,Schoodic_4,r.oak,local,Y,1,0,0,0
684,Schoodic_4,w.spruce,local,N,1,-0.5,0.5,0
686,Schoodic_4,ch.oak,maine,N,1,0,0,0
687,Schoodic_4,tulip,southern,Y,1,-32.5,0.5,0
688,Schoodic_4,w.pine,local,N,1,0,0,0
689,Schoodic_4,s.gum,southern,N,1,-28,2.5,9.5
690,Schoodic_4,w.oak,maine,Y,1,0,0,0
691,Schoodic_4,tulip,southern,N,1,-24.6,1.5,0
692,Schoodic_4,w.pine,local,N,1,-6.5,0.5,0
693,Schoodic_4,ch.oak,maine,Y,1,-33.1,1,0.9
694,Schoodic_4,r.oak,local,N,1,0,0,0
695,Schoodic_4,s.gum,southern,N,1,-30.7,5.5,24.3
696,Schoodic_4,w.spruce,local,N,1,-2,0.5,0
698,Schoodic_4,w.pine,local,N,1,0,0,0
700,Schoodic_4,tulip,southern,Y,1,0,0,0
701,Schoodic_4,w.oak,maine,N,1,-25.2,2,0
702,Schoodic_4,s.gum,southern,Y,1,-1,2.5,38
703,Schoodic_4,ch.oak,maine,N,1,-47.3,5,0
704,Schoodic_4,r.oak,local,N,1,-37.2,2,0
705,Schoodic_4,w.spruce,local,Y,1,0,0,0
706,Schoodic_4,s.gum,southern,N,1,-37.5,1,13
707,Schoodic_4,r.oak,local,N,1,0,0,0
709,Schoodic_4,w.spruce,local,N,1,0,0,0
710,Schoodic_4,w.oak,maine,Y,1,0,0,0
711,Schoodic_4,w.pine,local,N,1,-5.7,1,0
712,Schoodic_4,tulip,southern,N,1,-33.5,5.5,4.5
713,Schoodic_4,ch.oak,maine,Y,1,7.3,0.5,7.3
714,Schoodic_4,w.spruce,local,N,1,-22,1,1.5
715,Schoodic_4,r.oak,local,Y,1,-17.3,0.5,0
716,Schoodic_4,s.gum,southern,N,1,-47.3,2,0
717,Schoodic_4,w.pine,local,Y,1,69,5.5,69
718,Schoodic_4,tulip,southern,N,1,-1.7,5.5,27.3
719,Schoodic_4,ch.oak,maine,N,1,-30.6,5.5,0
720,Schoodic_4,w.oak,maine,N,1,-8.1,0.5,0
722,Schoodic_4,tulip,southern,N,1,-4.6,2.5,10.9
724,Schoodic_4,w.oak,maine,Y,1,-0.4,0.5,0
725,Schoodic_4,ch.oak,maine,Y,1,2.6,2.5,4.6
726,Schoodic_4,s.gum,southern,N,1,,2,15.6
727,Schoodic_4,w.spruce,local,N,1,-3,5.5,0
728,Schoodic_4,w.pine,local,N,1,2.1,5.5,2.1
729,Schoodic_4,r.oak,local,N,1,-31.4,5,1.6
731,Schoodic_4,w.oak,maine,N,1,-11,5,2
732,Schoodic_4,s.gum,southern,N,1,-24.1,2,21.9
733,Schoodic_4,w.pine,local,N,1,0,0,0
734,Schoodic_4,w.spruce,local,N,1,0,0,0
735,Schoodic_4,r.oak,local,Y,1,-1.9,0.5,0
736,Schoodic_4,ch.oak,maine,N,1,0,0,0
737,Schoodic_4,tulip,southern,N,1,0,0,0
738,Schoodic_4,r.oak,local,Y,1,4,0.5,4
739,Schoodic_4,s.gum,southern,N,1,4.6,0.5,4.6
740,Schoodic_4,w.spruce,local,N,1,-7.8,5.5,1.2
741,Schoodic_4,tulip,southern,Y,1,-49.3,1,6.2
742,Schoodic_4,ch.oak,maine,N,1,-18.5,5.5,3.5
744,Schoodic_4,w.oak,maine,N,1,-4.2,5.5,3.8
745,Schoodic_4,w.pine,local,N,1,-4.9,5.5,0
747,Schoodic_4,w.spruce,local,Y,1,0.5,0.5,0.5
748,Schoodic_4,ch.oak,maine,Y,1,0,0,0
749,Schoodic_4,r.oak,local,N,1,0,0,0
750,Schoodic_4,w.pine,local,N,1,9.9,5.5,28.9
751,Schoodic_4,tulip,southern,N,1,-35,5.5,0
752,Schoodic_4,s.gum,southern,Y,1,-6.1,2.5,3.4
753,Schoodic_4,w.oak,maine,N,1,-1.1,5,0
754,Schoodic_4,ch.oak,maine,N,1,-49.9,1,0.1
755,Schoodic_4,w.pine,local,N,1,-8.1,1,0
756,Schoodic_4,tulip,southern,N,1,-0.2,5.5,8.8
757,Schoodic_4,r.oak,local,Y,1,-2,0.5,0
758,Schoodic_4,w.oak,maine,Y,1,-13,3.5,6
759,Schoodic_4,w.spruce,local,N,1,10.6,0.5,10.6
761,Schoodic_4,s.gum,southern,N,1,-24.1,2.5,0
762,Schoodic_4,ch.oak,maine,N,1,-30.5,5.5,0
763,Schoodic_4,tulip,southern,N,1,-57.5,2.5,2
764,Schoodic_4,w.pine,local,N,1,-27,1,0
765,Schoodic_4,s.gum,southern,Y,1,0,1.5,1
767,Schoodic_4,w.oak,maine,Y,1,-11.7,0.5,0
768,Schoodic_4,w.spruce,local,N,1,-24.2,1.5,0
769,Schoodic_4,r.oak,local,N,1,2,0.5,2
770,Belfast_1,r.cedar,maine,N,1,13,3,13
771,Belfast_1,tulip,southern,Y,1,-43,0.5,0
772,Belfast_1,r.oak,local,Y,1,0,0,0
773,Belfast_1,s.gum,southern,N,1,20,0.5,20
774,Belfast_1,w.spruce,local,N,1,9,5.5,13
775,Belfast_1,w.oak,maine,Y,1,19,5.5,22
776,Belfast_1,ch.oak,maine,Y,1,9,3.5,12
777,Belfast_1,w.pine,local,N,1,115.4,5.5,115.4
778,Belfast_1,w.oak,maine,Y,1,-9,2.5,24
779,Belfast_1,r.oak,local,N,1,0,0,0
780,Belfast_1,w.spruce,local,Y,1,139,5.5,139
781,Belfast_1,r.cedar,maine,N,1,36,5.5,36
782,Belfast_1,ch.oak,maine,N,1,29,5.5,29
783,Belfast_1,tulip,southern,N,1,60.3,5.5,60.3
784,Belfast_1,w.pine,local,Y,1,55.5,5.5,55.5
785,Belfast_1,s.gum,southern,Y,1,38,5.5,51
786,Belfast_1,w.oak,maine,N,1,-2.5,0.5,0
787,Belfast_1,tulip,southern,N,1,-20.3,2,0
788,Belfast_1,w.pine,local,N,1,1.7,0.5,1.7
789,Belfast_1,ch.oak,maine,Y,1,13,1,20
790,Belfast_1,r.oak,local,Y,1,-22,2.5,7
791,Belfast_1,s.gum,southern,N,1,-43,4.5,31
792,Belfast_1,w.spruce,local,N,1,50,5.5,50
793,Belfast_1,r.cedar,maine,N,1,-0.5,1,1
794,Belfast_1,w.pine,local,N,1,34,5.5,34
795,Belfast_1,r.cedar,maine,N,1,0,0,0
796,Belfast_1,tulip,southern,N,1,-34,5.5,0
797,Belfast_1,w.oak,maine,N,1,50,5.5,52
798,Belfast_1,s.gum,southern,N,1,15,5.5,20
799,Belfast_1,ch.oak,maine,N,1,40.5,5.5,47.5
800,Belfast_1,r.oak,local,Y,1,0,0,0
801,Belfast_1,w.spruce,local,N,1,40.7,5.5,40.7
802,Belfast_1,s.gum,southern,N,1,-7,4.5,19
803,Belfast_1,r.oak,local,Y,1,0,0,0
804,Belfast_1,r.cedar,maine,N,1,7.5,5.5,7.5
805,Belfast_1,w.spruce,local,N,1,27.2,5.5,27.2
806,Belfast_1,w.oak,maine,N,1,33,5.5,33
807,Belfast_1,w.pine,local,N,1,106,5.5,106
809,Belfast_1,ch.oak,maine,Y,1,33,2.5,33
810,Belfast_1,w.spruce,local,N,1,8,0.5,8
811,Belfast_1,r.oak,local,N,1,-24,2.5,0
812,Belfast_1,s.gum,southern,N,1,-21.5,1,1
813,Belfast_1,w.pine,local,N,1,48,5,48
814,Belfast_1,tulip,southern,Y,1,31,5,31
815,Belfast_1,ch.oak,maine,Y,1,-26,5.5,21
816,Belfast_1,w.oak,maine,Y,1,12,5.5,12
817,Belfast_1,r.cedar,maine,N,1,2.5,1,4
818,Belfast_1,tulip,southern,N,1,84,5.5,84
819,Belfast_1,r.cedar,maine,N,1,5,5,10
820,Belfast_1,w.oak,maine,N,1,19.8,5,20.8
821,Belfast_1,ch.oak,maine,N,1,10,5.5,12
822,Belfast_1,s.gum,southern,Y,1,-24,4.5,45
823,Belfast_1,w.spruce,local,N,1,7.3,1,7.3
824,Belfast_1,w.pine,local,N,1,0,0,0
825,Belfast_1,r.oak,local,Y,1,8.5,3.5,8.5
826,Belfast_1,r.cedar,maine,Y,1,27,5.5,27
827,Belfast_1,w.oak,maine,Y,1,-15.5,5.5,30.5
828,Belfast_1,s.gum,southern,N,1,46.4,5.5,46.4
829,Belfast_1,w.pine,local,N,1,94.8,5.5,94.8
830,Belfast_1,w.spruce,local,N,1,37,5.5,37
831,Belfast_1,r.oak,local,N,1,17.8,5.5,17.8
832,Belfast_1,ch.oak,maine,N,1,-11.5,5.5,0
833,Belfast_1,tulip,southern,Y,1,-49,3.5,0
834,Belfast_1,r.oak,local,Y,,58,5,58
835,Belfast_1,s.gum,southern,N,1,13.5,5.5,19.5
836,Belfast_1,w.spruce,local,Y,1,21,5.5,21
837,Belfast_1,tulip,southern,N,1,204,5.5,204
838,Belfast_1,ch.oak,maine,Y,1,32,5.5,48
839,Belfast_1,r.cedar,maine,N,1,46.5,3.5,46.5
840,Belfast_1,w.oak,maine,Y,1,46,5.5,67
841,Belfast_1,w.pine,local,N,1,63.4,5.5,63.4
842,Belfast_1,r.cedar,maine,N,1,12.8,5.5,13.8
843,Belfast_1,w.spruce,local,N,1,15,5.5,15
844,Belfast_1,ch.oak,maine,N,1,14,5.5,14
845,Belfast_1,r.oak,local,N,1,-46,5.5,0
846,Belfast_1,w.pine,local,N,1,41.2,5.5,41.2
847,Belfast_1,tulip,southern,Y,1,32,5.5,62
848,Belfast_1,s.gum,southern,N,1,31.8,2,31.8
849,Belfast_1,w.oak,maine,Y,1,22,5.5,22
850,Belfast_1,ch.oak,maine,N,1,18,5.5,18
851,Belfast_1,w.pine,local,N,1,4.2,5.5,24.2
852,Belfast_1,tulip,southern,N,1,69.6,5.5,69.6
853,Belfast_1,r.oak,local,Y,1,-10,5,0
854,Belfast_1,w.oak,maine,Y,1,15,5.5,15
855,Belfast_1,w.spruce,local,N,1,27,5.5,32
856,Belfast_1,r.cedar,maine,Y,1,0,0,0
857,Belfast_1,s.gum,southern,Y,1,-25.9,5,83
858,Belfast_1,ch.oak,maine,Y,1,8,0.5,8
859,Belfast_1,tulip,southern,N,1,66,5.5,66
860,Belfast_1,w.pine,local,N,1,59,5.5,59
861,Belfast_1,s.gum,southern,Y,1,86,3.5,93
862,Belfast_1,r.cedar,maine,N,1,85,5.5,85
863,Belfast_1,w.oak,maine,N,1,171,5.5,171
864,Belfast_1,w.spruce,local,N,1,34,5.5,34
865,Belfast_1,r.oak,local,N,1,-14,5.5,11
866,Belfast_2,r.cedar,maine,N,1,20.1,5.5,20.1
867,Belfast_2,tulip,southern,Y,1,-17,0.5,0
868,Belfast_2,r.oak,local,N,1,-2.8,5.5,0
869,Belfast_2,s.gum,southern,Y,1,22,5.5,78.5
870,Belfast_2,w.spruce,local,N,1,65.9,5.5,65.9
871,Belfast_2,w.oak,maine,Y,1,-0.8,1,1.7
872,Belfast_2,ch.oak,maine,N,1,185,5.5,185
873,Belfast_2,w.pine,local,N,1,190.1,5.5,190.1
874,Belfast_2,r.oak,local,N,1,,5.5,
875,Belfast_2,w.oak,maine,N,1,-2.7,5.5,63.3
876,Belfast_2,w.spruce,local,Y,1,5.4,0.5,5.4
877,Belfast_2,r.cedar,maine,N,1,-17.1,0.5,0
878,Belfast_2,ch.oak,maine,N,1,-27.4,5.5,16.6
879,Belfast_2,tulip,southern,N,1,245.3,5.5,245.3
880,Belfast_2,w.pine,local,N,1,176.5,5.5,176.5
881,Belfast_2,s.gum,southern,Y,1,36.5,3.5,36.5
882,Belfast_2,w.oak,maine,Y,1,16.5,5.5,16.5
883,Belfast_2,tulip,southern,N,1,81,5.5,81
884,Belfast_2,w.pine,local,Y,1,44.5,5.5,44.5
885,Belfast_2,ch.oak,maine,N,1,29.5,5.5,29.5
886,Belfast_2,r.oak,local,Y,1,0,0,0
887,Belfast_2,s.gum,southern,Y,1,43.7,3.5,43.7
888,Belfast_2,w.spruce,local,N,1,58.6,5.5,58.6
889,Belfast_2,r.cedar,maine,N,1,63.4,5.5,63.4
890,Belfast_2,w.pine,local,N,1,2.8,0.5,2.8
891,Belfast_2,r.cedar,maine,Y,1,-12.1,5,20.9
892,Belfast_2,tulip,southern,N,1,178.3,5.5,178.3
893,Belfast_2,w.oak,maine,N,1,4.5,5.5,7
894,Belfast_2,s.gum,southern,N,1,49.4,5.5,49.4
895,Belfast_2,ch.oak,maine,Y,1,-35.6,5.5,16.4
896,Belfast_2,r.oak,local,N,1,-4.6,5.5,0.4
897,Belfast_2,w.spruce,local,N,1,0,0,0
898,Belfast_2,s.gum,southern,N,1,19,5.5,28
899,Belfast_2,r.oak,local,Y,1,-25.5,2.5,0
900,Belfast_2,r.cedar,maine,N,1,14.2,5.5,14.2
901,Belfast_2,w.spruce,local,N,1,29.2,5.5,29.2
902,Belfast_2,w.oak,maine,N,1,2.3,5.5,14.3
903,Belfast_2,w.pine,local,N,1,89.4,5.5,89.4
904,Belfast_2,tulip,southern,Y,1,85.1,5.5,85.1
905,Belfast_2,ch.oak,maine,Y,1,39.6,5.5,39.6
906,Belfast_2,w.spruce,local,N,1,35.2,5.5,35.2
907,Belfast_2,r.oak,local,Y,1,-6.3,5.5,12.7
908,Belfast_2,s.gum,southern,N,1,0,0,0
909,Belfast_2,w.pine,local,N,1,99.7,5.5,99.7
910,Belfast_2,tulip,southern,Y,1,21,0.5,21
911,Belfast_2,ch.oak,maine,Y,1,47.5,5.5,47.5
912,Belfast_2,w.oak,maine,N,1,7.3,5.5,10.3
913,Belfast_2,r.cedar,maine,N,1,1.4,1,7.9
914,Belfast_2,tulip,southern,N,1,70.4,5.5,70.4
915,Belfast_2,r.cedar,maine,N,1,31,5.5,31
916,Belfast_2,w.oak,maine,N,1,0,0,0
917,Belfast_2,ch.oak,maine,Y,1,-36.9,2,3.1
918,Belfast_2,s.gum,southern,N,1,77.5,5.5,77.5
919,Belfast_2,w.spruce,local,N,1,45.1,5.5,45.1
920,Belfast_2,w.pine,local,N,1,49.8,5.5,49.8
921,Belfast_2,r.oak,local,Y,1,46.6,5.5,46.6
922,Belfast_2,r.cedar,maine,N,1,57.8,5.5,57.8
923,Belfast_2,w.oak,maine,Y,1,13.2,5.5,14.2
924,Belfast_2,s.gum,southern,N,1,4.1,5.5,6.1
925,Belfast_2,w.pine,local,N,1,44.1,5.5,44.1
926,Belfast_2,w.spruce,local,Y,1,36.2,5.5,36.2
927,Belfast_2,r.oak,local,N,1,-70.8,4.5,4.2
928,Belfast_2,ch.oak,maine,Y,1,-19.5,5.5,26.5
929,Belfast_2,tulip,southern,N,1,180.5,5.5,180.5
930,Belfast_2,r.oak,local,Y,1,-18.3,1,13.2
931,Belfast_2,s.gum,southern,N,1,-5.8,5.5,16.2
932,Belfast_2,w.spruce,local,N,1,24.3,5.5,24.3
933,Belfast_2,tulip,southern,N,1,55.6,5.5,55.6
934,Belfast_2,ch.oak,maine,N,1,16.5,5.5,16.5
935,Belfast_2,r.cedar,maine,N,1,41.1,5.5,41.1
936,Belfast_2,w.oak,maine,Y,1,9,3.5,22
937,Belfast_2,w.pine,local,N,1,1.6,0.5,1.6
938,Belfast_2,r.cedar,maine,N,1,25.6,5.5,25.6
939,Belfast_2,w.spruce,local,N,1,35.6,5.5,35.6
940,Belfast_2,ch.oak,maine,Y,1,0,0,0
941,Belfast_2,r.oak,local,Y,1,-43.9,5.5,0
942,Belfast_2,w.pine,local,N,1,94.1,5.5,94.1
943,Belfast_2,tulip,southern,N,1,61.7,5.5,61.7
944,Belfast_2,s.gum,southern,N,1,41.7,5.5,41.7
945,Belfast_2,w.oak,maine,Y,1,0,0,0
946,Belfast_2,ch.oak,maine,N,1,23.7,5.5,23.7
947,Belfast_2,w.pine,local,N,1,68.3,5.5,68.3
948,Belfast_2,tulip,southern,N,1,40,3.5,40
949,Belfast_2,r.oak,local,N,1,0,0,0
950,Belfast_2,w.oak,maine,N,1,58.1,5.5,58.1
951,Belfast_2,w.spruce,local,N,1,52,5.5,52
952,Belfast_2,r.cedar,maine,N,1,27.7,5.5,27.7
953,Belfast_2,s.gum,southern,N,1,6.5,3.5,19.5
954,Belfast_2,ch.oak,maine,Y,1,9,0.5,9
955,Belfast_2,tulip,southern,Y,1,-19,1,17.5
956,Belfast_2,w.pine,local,N,1,37.4,5.5,37.4
957,Belfast_2,s.gum,southern,Y,1,-0.6,3.5,16.4
958,Belfast_2,r.cedar,maine,N,1,54.7,5.5,54.7
959,Belfast_2,w.oak,maine,Y,1,9.7,4,9.7
960,Belfast_2,w.spruce,local,N,1,8.5,1,8.5
961,Belfast_2,r.oak,local,N,1,13,5.5,13
962,Belfast_3,r.cedar,maine,N,1,0,0,0
963,Belfast_3,tulip,southern,N,,-6.1,2,3.4
964,Belfast_3,r.oak,local,Y,1,7.1,0.5,7.1
965,Belfast_3,s.gum,southern,Y,1,23,0.5,23
966,Belfast_3,w.spruce,local,N,1,17.6,5.5,22.6
967,Belfast_3,w.oak,maine,Y,1,20.4,2,20.4
968,Belfast_3,ch.oak,maine,N,1,24.7,5.5,24.7
969,Belfast_3,w.pine,local,N,1,46,5.5,46
970,Belfast_3,w.oak,maine,N,1,18.1,5.5,23.1
971,Belfast_3,r.oak,local,N,1,14.2,5.5,16.2
972,Belfast_3,w.spruce,local,N,1,22.5,5.5,22.5
973,Belfast_3,r.cedar,maine,N,1,16.3,5.5,16.3
974,Belfast_3,ch.oak,maine,N,1,-4.3,5.5,7.7
975,Belfast_3,tulip,southern,Y,1,20.1,0.5,20.1
976,Belfast_3,w.pine,local,N,1,29.5,5.5,29.5
977,Belfast_3,s.gum,southern,Y,1,25.9,0.5,25.9
978,Belfast_3,w.oak,maine,Y,1,-4.9,1,5.6
979,Belfast_3,tulip,southern,Y,1,-5.7,1,0.3
980,Belfast_3,w.pine,local,N,1,0,0,0
981,Belfast_3,ch.oak,maine,N,1,18.8,5.5,20.8
982,Belfast_3,r.oak,local,Y,1,0,0,0
983,Belfast_3,s.gum,southern,N,1,31.7,3.5,31.7
984,Belfast_3,w.spruce,local,N,1,24.3,5.5,24.3
985,Belfast_3,r.cedar,maine,Y,1,-27,2.5,3
986,Belfast_3,w.pine,local,Y,1,73.5,5.5,73.5
987,Belfast_3,r.cedar,maine,N,1,15,5.5,15
988,Belfast_3,tulip,southern,N,1,203.8,5.5,203.8
989,Belfast_3,w.oak,maine,N,1,10.4,3.5,10.4
990,Belfast_3,s.gum,southern,N,,10.9,2,16.9
991,Belfast_3,ch.oak,maine,N,1,14,5.5,14
992,Belfast_3,r.oak,local,N,1,-33.2,5,4.8
993,Belfast_3,w.spruce,local,N,1,19.1,5.5,19.1
994,Belfast_3,s.gum,southern,Y,1,-7.6,1,44.4
995,Belfast_3,r.oak,local,Y,1,-28.5,0.5,0
996,Belfast_3,r.cedar,maine,N,1,-15.7,2.5,0
997,Belfast_3,w.spruce,local,N,1,11.4,1,11.4
998,Belfast_3,w.oak,maine,N,1,2.4,5.5,13.4
999,Belfast_3,w.pine,local,N,1,8.7,5.5,16.7
1000,Belfast_3,tulip,southern,Y,1,-35.7,0.5,0
1001,Belfast_3,ch.oak,maine,N,1,-6.7,3.5,0
1002,Belfast_3,w.spruce,local,N,1,8,1,8
1003,Belfast_3,r.oak,local,N,1,-11.3,4.5,2.7
1004,Belfast_3,s.gum,southern,N,1,3.8,1,34.8
1005,Belfast_3,w.pine,local,N,1,1.6,5.5,11.6
1006,Belfast_3,tulip,southern,N,1,-19.3,2,0
1007,Belfast_3,ch.oak,maine,N,1,16.5,5.5,17.5
1008,Belfast_3,w.oak,maine,Y,1,1.8,0.5,1.8
1009,Belfast_3,r.cedar,maine,N,1,0,0,0
1010,Belfast_3,tulip,southern,N,1,17.3,4.5,18.3
1011,Belfast_3,r.cedar,maine,N,1,-20.2,5,3.3
1012,Belfast_3,w.oak,maine,N,1,19,5.5,19
1013,Belfast_3,ch.oak,maine,N,1,23.6,5.5,26.6
1014,Belfast_3,s.gum,southern,N,1,27.8,5.5,27.8
1015,Belfast_3,w.spruce,local,N,1,13.6,5.5,13.6
1016,Belfast_3,w.pine,local,N,1,29,5.5,30
1017,Belfast_3,r.oak,local,Y,1,-10.6,0.5,0
1018,Belfast_3,r.cedar,maine,N,1,-8.5,5.5,4.5
1019,Belfast_3,w.oak,maine,Y,1,3.1,1,3.1
1020,Belfast_3,s.gum,southern,Y,1,34.3,3.5,34.3
1021,Belfast_3,w.pine,local,N,1,13.8,5.5,15.8
1022,Belfast_3,w.spruce,local,N,1,12.4,5.5,12.4
1023,Belfast_3,r.oak,local,Y,1,-9.9,1,13.1
1024,Belfast_3,ch.oak,maine,N,1,8.1,5.5,15.1
1025,Belfast_3,tulip,southern,N,1,109.3,5.5,109.3
1026,Belfast_3,r.oak,local,Y,1,8.5,1,8.5
1027,Belfast_3,s.gum,southern,N,1,18,5.5,56
1028,Belfast_3,w.spruce,local,N,1,16,5.5,17
1029,Belfast_3,tulip,southern,Y,1,1,0.5,1
1030,Belfast_3,ch.oak,maine,N,1,35,5.5,35
1031,Belfast_3,r.cedar,maine,N,1,-25,5,0
1032,Belfast_3,w.oak,maine,Y,1,10,1,10
1033,Belfast_3,w.pine,local,N,1,38.8,5.5,38.8
1034,Belfast_3,r.cedar,maine,Y,1,14,5.5,14
1035,Belfast_3,w.spruce,local,Y,1,-3,1,9
1036,Belfast_3,ch.oak,maine,Y,1,2,1,7
1037,Belfast_3,r.oak,local,Y,1,0,0,0
1038,Belfast_3,w.pine,local,N,1,32.8,5.5,32.8
1039,Belfast_3,tulip,southern,N,1,68.5,5.5,68.5
1040,Belfast_3,s.gum,southern,N,1,7,5.5,40
1041,Belfast_3,w.oak,maine,Y,1,5,1,12.5
1042,Belfast_3,ch.oak,maine,Y,1,-3,4,0
1043,Belfast_3,w.pine,local,N,1,49,5.5,49
1044,Belfast_3,tulip,southern,N,1,23,5.5,28.5
1045,Belfast_3,r.oak,local,Y,1,-35,5.5,3.5
1046,Belfast_3,w.oak,maine,Y,1,7,1,7
1047,Belfast_3,w.spruce,local,N,1,11.1,1,11.1
1048,Belfast_3,r.cedar,maine,N,1,-15,2.5,5.5
1049,Belfast_3,s.gum,southern,N,1,7.5,3.5,12.5
1050,Belfast_3,ch.oak,maine,Y,1,10,0.5,10
1051,Belfast_3,tulip,southern,Y,1,15.5,0.5,15.5
1052,Belfast_3,w.pine,local,N,1,35.8,5.5,35.8
1053,Belfast_3,s.gum,southern,N,1,33,3.5,34
1054,Belfast_3,r.cedar,maine,N,1,-34,5.5,2
1055,Belfast_3,w.oak,maine,Y,1,9,1,14.5
1056,Belfast_3,w.spruce,local,Y,1,1,0.5,1
1057,Belfast_3,r.oak,local,Y,1,8,0.5,8
1058,Belfast_4,r.cedar,maine,N,1,30.4,5.5,30.4
1059,Belfast_4,tulip,southern,N,1,99.3,5.5,99.3
1060,Belfast_4,r.oak,local,N,1,7.4,5.5,9.4
1061,Belfast_4,s.gum,southern,N,1,23.2,4.5,24.2
1062,Belfast_4,w.spruce,local,N,1,9.3,5.5,9.3
1063,Belfast_4,w.oak,maine,N,1,-16.6,2,0.4
1064,Belfast_4,ch.oak,maine,N,1,6.5,5.5,6.5
1065,Belfast_4,w.pine,local,N,1,81.8,5.5,81.8
1066,Belfast_4,w.oak,maine,N,1,7.6,5,11.6
1067,Belfast_4,r.oak,local,N,1,12.1,4.5,12.1
1068,Belfast_4,w.spruce,local,N,1,7.3,1,7.3
1069,Belfast_4,r.cedar,maine,N,1,70.6,5.5,70.6
1070,Belfast_4,ch.oak,maine,N,1,23,5.5,23
1071,Belfast_4,tulip,southern,N,1,-23,3,7
1072,Belfast_4,w.pine,local,N,1,168.8,5.5,168.8
1073,Belfast_4,s.gum,southern,N,1,51.8,5.5,51.8
1074,Belfast_4,w.oak,maine,N,1,6.8,5.5,6.8
1075,Belfast_4,tulip,southern,N,1,2.5,3.5,7.5
1076,Belfast_4,w.pine,local,N,1,115.2,5.5,115.2
1077,Belfast_4,ch.oak,maine,N,1,49.4,5.5,49.4
1078,Belfast_4,r.oak,local,N,1,16.1,5.5,20.1
1079,Belfast_4,s.gum,southern,N,1,60.9,5.5,60.9
1080,Belfast_4,w.spruce,local,N,1,57.6,5.5,57.6
1081,Belfast_4,r.cedar,maine,N,1,104.2,5.5,104.2
1082,Belfast_4,w.pine,local,N,1,8.6,2.5,8.6
1083,Belfast_4,r.cedar,maine,N,1,31.2,5.5,31.2
1084,Belfast_4,tulip,southern,N,1,70.5,5.5,70.5
1085,Belfast_4,w.oak,maine,N,1,3,0.5,3
1086,Belfast_4,s.gum,southern,N,1,13.9,0.5,13.9
1087,Belfast_4,ch.oak,maine,N,1,39.9,5.5,39.9
1088,Belfast_4,r.oak,local,N,1,16.5,5.5,16.5
1089,Belfast_4,w.spruce,local,N,1,28.1,5.5,28.1
1090,Belfast_4,s.gum,southern,N,1,5.8,5.5,5.8
1091,Belfast_4,r.oak,local,N,1,1.3,0.5,1.3
1092,Belfast_4,r.cedar,maine,N,1,0,0,0
1093,Belfast_4,w.spruce,local,N,1,48.6,5.5,48.6
1095,Belfast_4,w.pine,local,N,1,105.2,5.5,105.2
1096,Belfast_4,tulip,southern,N,1,37.6,5.5,37.6
1097,Belfast_4,ch.oak,maine,N,1,-3.9,0.5,0
1098,Belfast_4,w.spruce,local,N,1,12.1,5.5,13.1
1099,Belfast_4,r.oak,local,N,1,0,0,0
1100,Belfast_4,s.gum,southern,N,1,28.6,5.5,28.6
1101,Belfast_4,w.pine,local,N,1,22.8,4.5,35.8
1102,Belfast_4,tulip,southern,N,1,140.4,5.5,140.4
1103,Belfast_4,ch.oak,maine,N,1,14.9,5.5,19.9
1105,Belfast_4,r.cedar,maine,N,1,-9,0.5,0
1106,Belfast_4,tulip,southern,N,1,3.8,5.5,3.8
1107,Belfast_4,r.cedar,maine,N,1,0,0,0
1109,Belfast_4,ch.oak,maine,N,1,-0.3,5.5,5.7
1110,Belfast_4,s.gum,southern,N,1,121.7,5.5,121.7
1111,Belfast_4,w.spruce,local,N,1,31.8,5.5,31.8
1112,Belfast_4,w.pine,local,N,1,184.5,5.5,184.5
1113,Belfast_4,r.oak,local,N,1,-7.1,5.5,1.9
1114,Belfast_4,r.cedar,maine,N,1,16.2,5.5,16.2
1115,Belfast_4,w.oak,maine,N,1,22,5.5,22
1116,Belfast_4,s.gum,southern,N,1,78.5,5.5,78.5
1117,Belfast_4,w.pine,local,N,1,53.8,5.5,53.8
1118,Belfast_4,w.spruce,local,N,1,76.5,5.5,76.5
1119,Belfast_4,r.oak,local,N,1,14,5.5,14
1120,Belfast_4,ch.oak,maine,N,1,18,5.5,18
1121,Belfast_4,tulip,southern,N,1,127.6,5.5,127.6
1122,Belfast_4,r.oak,local,N,1,0,0,0
1123,Belfast_4,s.gum,southern,N,1,-10.3,5.5,4.7
1124,Belfast_4,w.spruce,local,N,1,56,5.5,56
1125,Belfast_4,tulip,southern,N,1,184.6,5.5,184.6
1126,Belfast_4,ch.oak,maine,N,1,28.5,5.5,30.5
1127,Belfast_4,r.cedar,maine,N,1,2.5,0.5,2.5
1128,Belfast_4,w.oak,maine,N,1,-1.9,0.5,0
1129,Belfast_4,w.pine,local,N,1,158.3,5.5,158.3
1130,Belfast_4,r.cedar,maine,N,1,7,3,11
1131,Belfast_4,w.spruce,local,N,1,2.7,5,11.7
1132,Belfast_4,ch.oak,maine,N,1,5.3,5.5,10.3
1133,Belfast_4,r.oak,local,N,1,0,0,0
1134,Belfast_4,w.pine,local,N,1,65.7,5.5,65.7
1135,Belfast_4,tulip,southern,N,1,166.5,5.5,166.5
1136,Belfast_4,s.gum,southern,N,1,47.5,5.5,47.5
1138,Belfast_4,ch.oak,maine,N,1,-31.9,5.5,0
1139,Belfast_4,w.pine,local,N,1,8,3,18
1140,Belfast_4,tulip,southern,N,1,24,3.5,42
1141,Belfast_4,r.oak,local,N,1,-2.8,5.5,0
1142,Belfast_4,w.oak,maine,N,1,-8.8,4,0
1143,Belfast_4,w.spruce,local,N,1,23.8,5.5,27.8
1144,Belfast_4,r.cedar,maine,N,1,0,0,0
1145,Belfast_4,s.gum,southern,N,1,23,5.5,23
1146,Belfast_4,ch.oak,maine,N,1,3.5,5.5,3.5
1147,Belfast_4,tulip,southern,N,1,-32.5,0.5,0
1148,Belfast_4,w.pine,local,N,1,12.9,3,16.9
1149,Belfast_4,s.gum,southern,N,1,30,5.5,30
1150,Belfast_4,r.cedar,maine,N,1,0,0,0
1151,Belfast_4,w.oak,maine,N,1,-6.7,5.5,0
1152,Belfast_4,w.spruce,local,N,1,44.7,5.5,44.7
1153,Belfast_4,r.oak,local,N,1,10.6,5.5,10.6
1154,Surry_1,r.cedar,maine,Y,1,-1.4,4.5,8.6
1155,Surry_1,tulip,southern,N,1,-23.4,5.5,0
1156,Surry_1,r.oak,local,Y,1,-1.2,0.5,0
1157,Surry_1,s.gum,southern,N,1,15.4,3.5,15.4
1158,Surry_1,w.spruce,local,N,1,25.1,5.5,25.1
1159,Surry_1,w.oak,maine,N,1,38.4,5.5,38.4
1160,Surry_1,ch.oak,maine,Y,1,25.8,5.5,41.8
1161,Surry_1,w.pine,local,N,1,166.2,5.5,166.2
1162,Surry_1,w.oak,maine,N,1,2.1,0.5,2.1
1163,Surry_1,r.oak,local,N,1,0,0,0
1164,Surry_1,w.spruce,local,N,1,0,0,0
1165,Surry_1,r.cedar,maine,N,1,-18.9,5.5,1.6
1166,Surry_1,ch.oak,maine,Y,1,66.7,5.5,66.7
1167,Surry_1,tulip,southern,N,1,-16.4,0.5,0
1168,Surry_1,w.pine,local,N,1,139.3,5.5,139.3
1169,Surry_1,s.gum,southern,N,1,10,3.5,10
1170,Surry_1,w.oak,maine,Y,1,14.7,4,14.7
1171,Surry_1,tulip,southern,N,1,-13.9,1,0
1172,Surry_1,w.pine,local,N,1,60.1,5.5,60.1
1173,Surry_1,ch.oak,maine,N,1,-2.2,5.5,7.3
1174,Surry_1,r.oak,local,Y,1,0,0,0
1175,Surry_1,s.gum,southern,N,1,-3,2.5,16
1176,Surry_1,w.spruce,local,N,1,40.5,3.5,40.5
1177,Surry_1,r.cedar,maine,N,1,-28.9,0.5,0
1178,Surry_1,w.pine,local,N,1,72,5.5,72
1179,Surry_1,r.cedar,maine,Y,1,26.4,5.5,26.4
1180,Surry_1,tulip,southern,N,1,-39.1,1.5,0
1181,Surry_1,w.oak,maine,Y,1,41.4,5.5,41.4
1182,Surry_1,s.gum,southern,Y,1,-24.6,4.5,54.9
1183,Surry_1,ch.oak,maine,Y,1,97.9,5.5,97.9
1184,Surry_1,r.oak,local,N,1,23.6,5.5,24.6
1185,Surry_1,w.spruce,local,N,1,0,0,0
1186,Surry_1,s.gum,southern,N,1,-2.4,3.5,11.6
1187,Surry_1,r.oak,local,N,1,0,0,0
1188,Surry_1,r.cedar,maine,N,1,-34.9,0.5,0
1189,Surry_1,w.spruce,local,N,1,23.8,5.5,23.8
1190,Surry_1,w.oak,maine,N,1,-0.1,0.5,0
1191,Surry_1,w.pine,local,N,1,136.3,5.5,136.3
1192,Surry_1,tulip,southern,N,1,-1.8,1.5,0
1193,Surry_1,ch.oak,maine,N,1,-0.3,3.5,0
1194,Surry_1,w.spruce,local,N,1,22.4,5.5,22.4
1195,Surry_1,r.oak,local,N,1,0,0,0
1196,Surry_1,s.gum,southern,N,1,-18.2,4,17.3
1197,Surry_1,w.pine,local,N,1,136,5.5,136
1198,Surry_1,tulip,southern,Y,1,-44.3,0.5,0
1199,Surry_1,ch.oak,maine,Y,1,60.3,5.5,65.3
1200,Surry_1,w.oak,maine,N,1,44,5.5,44
1201,Surry_1,r.cedar,maine,N,1,0.8,0.5,0.8
1202,Surry_1,tulip,southern,N,1,0,0,0
1203,Surry_1,r.cedar,maine,N,1,-16.7,5.5,2.3
1204,Surry_1,w.oak,maine,N,1,110.6,5.5,110.6
1205,Surry_1,ch.oak,maine,N,1,-33.8,1,1.2
1206,Surry_1,s.gum,southern,Y,1,2.6,3,19.6
1207,Surry_1,w.spruce,local,N,1,15.5,5.5,15.5
1208,Surry_1,w.pine,local,N,1,34,5.5,34
1209,Surry_1,r.oak,local,Y,1,-28.6,4.5,9.9
1210,Surry_1,r.cedar,maine,N,1,-2.2,0.5,0
1211,Surry_1,w.oak,maine,Y,1,43.5,5.5,43.5
1212,Surry_1,s.gum,southern,Y,1,0,0,0
1213,Surry_1,w.pine,local,N,1,0,0,0
1214,Surry_1,w.spruce,local,N,1,10.7,5.5,10.7
1215,Surry_1,r.oak,local,N,1,-3.9,0.5,0
1216,Surry_1,ch.oak,maine,Y,1,-2.7,1.5,5.8
1217,Surry_1,tulip,southern,N,1,-17.9,1.5,1.1
1218,Surry_1,r.oak,local,Y,,-43.7,1.5,5.8
1219,Surry_1,s.gum,southern,N,1,-8.6,5.5,11.4
1220,Surry_1,w.spruce,local,Y,1,15.3,5.5,15.3
1221,Surry_1,tulip,southern,N,1,-37.9,2,0
1222,Surry_1,ch.oak,maine,N,1,-2.6,5.5,5.4
1223,Surry_1,r.cedar,maine,N,1,-4.4,5.5,0.6
1224,Surry_1,w.oak,maine,N,1,31.7,5.5,31.7
1225,Surry_1,w.pine,local,Y,1,4.7,1,8.2
1226,Surry_1,r.cedar,maine,N,1,3.3,5.5,3.3
1228,Surry_1,ch.oak,maine,N,1,3,3.5,3
1229,Surry_1,r.oak,local,N,1,14.4,5.5,14.4
1230,Surry_1,w.pine,local,N,1,120.6,5.5,120.6
1231,Surry_1,tulip,southern,Y,1,-43.7,1.5,0
1232,Surry_1,s.gum,southern,N,1,38.4,3.5,38.4
1233,Surry_1,w.oak,maine,N,1,62.5,5.5,62.5
1234,Surry_1,ch.oak,maine,N,1,-62.4,1.5,7.6
1235,Surry_1,w.pine,local,N,1,2.7,0.5,2.7
1236,Surry_1,tulip,southern,Y,1,-46.1,1.5,0
1237,Surry_1,r.oak,local,Y,1,-7.7,5.5,28.3
1238,Surry_1,w.oak,maine,Y,1,7,5.5,39
1239,Surry_1,w.spruce,local,N,1,-1.7,4,0
1240,Surry_1,r.cedar,maine,N,1,5.9,5.5,5.9
1241,Surry_1,s.gum,southern,N,1,-2.8,5.5,27.2
1242,Surry_1,ch.oak,maine,N,1,30.2,5.5,30.2
1243,Surry_1,tulip,southern,N,1,-45.8,2.5,0
1244,Surry_1,w.pine,local,N,1,2.5,0.5,2.5
1245,Surry_1,s.gum,southern,N,1,9.1,2,27.1
1246,Surry_1,r.cedar,maine,N,1,-1.3,0.5,0
1247,Surry_1,w.oak,maine,Y,1,33.4,5.5,33.4
1248,Surry_1,w.spruce,local,N,1,30.3,5.5,30.3
1249,Surry_1,r.oak,local,N,1,9.2,5.5,10.2
1250,Surry_2,r.cedar,maine,Y,1,2,0.5,2
1251,Surry_2,tulip,southern,N,1,-28,5.5,13
1252,Surry_2,r.oak,local,Y,1,-4,3.5,0
1253,Surry_2,s.gum,southern,N,1,-18,5.5,28.5
1254,Surry_2,w.spruce,local,N,1,3,5.5,4
1255,Surry_2,w.oak,maine,Y,,6,1.5,14.5
1256,Surry_2,ch.oak,maine,N,1,9,5.5,9
1257,Surry_2,w.pine,local,N,,-19,2,0
1258,Surry_2,w.oak,maine,Y,1,0,0,0
1259,Surry_2,r.oak,local,N,1,0,0,0
1260,Surry_2,w.spruce,local,N,1,37.5,5.5,37.5
1261,Surry_2,r.cedar,maine,N,1,-3,5.5,0
1262,Surry_2,ch.oak,maine,Y,1,86.5,5.5,86.5
1263,Surry_2,tulip,southern,N,1,-32,1.5,0
1264,Surry_2,w.pine,local,N,1,8.5,5.5,8.5
1265,Surry_2,s.gum,southern,N,1,-27,4,19
1266,Surry_2,w.oak,maine,N,,-17,1.5,0
1267,Surry_2,tulip,southern,Y,1,-7.5,5.5,13.5
1268,Surry_2,w.pine,local,Y,1,35,5.5,44
1269,Surry_2,ch.oak,maine,N,1,9,5.5,9
1270,Surry_2,r.oak,local,Y,1,77,5.5,77
1271,Surry_2,s.gum,southern,N,1,-11.5,5.5,29.5
1272,Surry_2,w.spruce,local,Y,1,0,0.5,0
1273,Surry_2,r.cedar,maine,N,1,0.5,0.5,0.5
1274,Surry_2,w.pine,local,N,1,41.5,5.5,41.5
1275,Surry_2,r.cedar,maine,N,1,-3,0.5,0
1276,Surry_2,tulip,southern,N,1,-48,1.5,0
1277,Surry_2,w.oak,maine,Y,1,0,0,0
1278,Surry_2,s.gum,southern,N,1,20,3.5,21
1279,Surry_2,ch.oak,maine,Y,1,4.5,5.5,34.5
1280,Surry_2,r.oak,local,Y,1,-3,3.5,0
1281,Surry_2,w.spruce,local,N,1,0,0,0
1282,Surry_2,s.gum,southern,N,1,-12.5,5.5,20.5
1283,Surry_2,r.oak,local,N,1,9,5.5,9
1284,Surry_2,r.cedar,maine,N,1,-21,3,3
1285,Surry_2,w.spruce,local,N,1,26.5,5.5,26.5
1286,Surry_2,w.oak,maine,N,1,50,5.5,50
1287,Surry_2,w.pine,local,N,1,44,5.5,44
1288,Surry_2,tulip,southern,N,1,-33,3.5,0
1289,Surry_2,ch.oak,maine,N,1,,5.5,48
1290,Surry_2,w.spruce,local,N,1,0,0.5,0
1291,Surry_2,r.oak,local,N,1,-30,5.5,0
1292,Surry_2,s.gum,southern,N,1,3.5,5.5,18.5
1293,Surry_2,w.pine,local,N,1,39.3,5.5,39.3
1294,Surry_2,tulip,southern,N,1,-50,1.5,0
1295,Surry_2,ch.oak,maine,Y,1,18.5,4.5,18.5
1296,Surry_2,w.oak,maine,Y,1,-0.5,0.5,0
1297,Surry_2,r.cedar,maine,N,1,0,0,0
1298,Surry_2,tulip,southern,N,1,0,0,0
1299,Surry_2,r.cedar,maine,N,1,-22,2.5,1
1300,Surry_2,w.oak,maine,Y,1,7,0.5,7
1301,Surry_2,ch.oak,maine,Y,1,-67.5,0.5,0
1302,Surry_2,s.gum,southern,Y,1,9.5,2.5,31.5
1303,Surry_2,w.spruce,local,N,1,0,0,0
1304,Surry_2,w.pine,local,N,1,0,0,0
1305,Surry_2,r.oak,local,N,1,0.5,5,10.5
1306,Surry_2,r.cedar,maine,N,1,-1,0.5,0
1307,Surry_2,w.oak,maine,N,1,26.5,5.5,26.5
1308,Surry_2,s.gum,southern,Y,1,-5.5,3.5,26
1309,Surry_2,w.pine,local,N,1,116.5,5.5,116.5
1310,Surry_2,w.spruce,local,N,1,19.7,5.5,19.7
1311,Surry_2,r.oak,local,N,1,-12.5,5,0
1312,Surry_2,ch.oak,maine,N,1,0,0,0
1313,Surry_2,tulip,southern,Y,1,20,5.5,20
1314,Surry_2,r.oak,local,N,1,4.5,5,11
1315,Surry_2,s.gum,southern,N,1,0.5,5.5,20.5
1316,Surry_2,w.spruce,local,N,1,15.8,5,15.8
1317,Surry_2,tulip,southern,N,1,-5,5.5,0
1318,Surry_2,ch.oak,maine,N,1,-25,5,7
1319,Surry_2,r.cedar,maine,N,1,0,0,0
1320,Surry_2,w.oak,maine,N,1,26.5,5.5,26.5
1321,Surry_2,w.pine,local,N,1,18.5,5,31.5
1322,Surry_2,r.cedar,maine,N,1,-14.8,5.5,0.2
1323,Surry_2,w.spruce,local,N,1,15.2,5,15.2
1324,Surry_2,ch.oak,maine,Y,1,-3,5.5,0
1325,Surry_2,r.oak,local,Y,1,17.5,5.5,17.5
1326,Surry_2,w.pine,local,N,1,30.8,5,39.8
1327,Surry_2,tulip,southern,N,1,0,0,0
1328,Surry_2,s.gum,southern,N,1,-1.5,3.5,12.5
1329,Surry_2,w.oak,maine,N,1,0,0,0
1330,Surry_2,ch.oak,maine,N,1,63,5.5,63
1331,Surry_2,w.pine,local,N,1,44.7,5,46.2
1332,Surry_2,tulip,southern,Y,1,-24,5.5,13
1333,Surry_2,r.oak,local,N,1,-26.7,5.5,0
1334,Surry_2,w.oak,maine,N,1,-2.5,5,2.5
1335,Surry_2,w.spruce,local,Y,1,-8,5.5,8.5
1336,Surry_2,r.cedar,maine,N,1,-14,5.5,3
1337,Surry_2,s.gum,southern,N,1,55,5.5,55
1338,Surry_2,ch.oak,maine,N,1,34,5,36
1339,Surry_2,tulip,southern,N,1,-9,5.5,0
1340,Surry_2,w.pine,local,N,1,14.2,5,21.2
1341,Surry_2,s.gum,southern,Y,1,63,3.5,64
1342,Surry_2,r.cedar,maine,N,1,-29,5.5,0
1343,Surry_2,w.oak,maine,N,1,3.3,5.5,3.3
1344,Surry_2,w.spruce,local,N,1,35.8,5.5,35.8
1345,Surry_2,r.oak,local,Y,1,-46,5,72
1346,Surry_3,r.cedar,maine,N,1,0,0,0
1347,Surry_3,tulip,southern,N,1,-4,3.5,10
1348,Surry_3,r.oak,local,Y,1,0,0,0
1349,Surry_3,s.gum,southern,Y,1,23.5,3.5,25.5
1350,Surry_3,w.spruce,local,N,1,19,5.5,19
1351,Surry_3,w.oak,maine,Y,1,28,5.5,28
1352,Surry_3,ch.oak,maine,N,1,48,5.5,48
1353,Surry_3,w.pine,local,N,1,36,5.5,36
1354,Surry_3,w.oak,maine,Y,1,9,5.5,9
1355,Surry_3,r.oak,local,N,1,-30,4,12
1356,Surry_3,w.spruce,local,N,1,27.2,5.5,27.2
1357,Surry_3,r.cedar,maine,N,1,-29,2.5,0
1358,Surry_3,ch.oak,maine,Y,1,-19,5.5,29
1359,Surry_3,tulip,southern,N,1,-10.2,2.5,8.8
1360,Surry_3,w.pine,local,N,1,62.7,3.5,62.7
1361,Surry_3,s.gum,southern,N,1,16.6,5.5,30.6
1362,Surry_3,w.oak,maine,N,1,25.8,5.5,25.8
1363,Surry_3,tulip,southern,Y,1,-2,2.5,19
1364,Surry_3,w.pine,local,N,1,-24.5,5.5,9.5
1365,Surry_3,ch.oak,maine,N,1,-1,5.5,4
1366,Surry_3,r.oak,local,Y,1,-16,0.5,0
1367,Surry_3,s.gum,southern,N,1,-8.2,3.5,7.8
1368,Surry_3,w.spruce,local,N,1,17.2,5.5,17.2
1369,Surry_3,r.cedar,maine,N,1,-37,2,0
1370,Surry_3,w.pine,local,N,1,52,5.5,52
1371,Surry_3,r.cedar,maine,N,1,-55,1.5,0
1372,Surry_3,tulip,southern,N,1,25.2,5.5,25.2
1373,Surry_3,w.oak,maine,N,1,-1,5.5,0
1374,Surry_3,s.gum,southern,Y,1,35,3.5,35
1375,Surry_3,ch.oak,maine,N,1,2,5.5,2
1376,Surry_3,r.oak,local,Y,1,4,0.5,4
1377,Surry_3,w.spruce,local,N,1,29.4,5.5,29.4
1378,Surry_3,s.gum,southern,N,1,-2,5.5,17
1379,Surry_3,r.oak,local,N,1,0,0,0
1380,Surry_3,r.cedar,maine,N,1,0,0.5,0
1381,Surry_3,w.spruce,local,N,1,-1,0.5,0
1383,Surry_3,w.pine,local,N,1,13.7,5.5,13.7
1384,Surry_3,tulip,southern,N,1,4.4,1.5,4.4
1385,Surry_3,ch.oak,maine,Y,1,-12.5,5.5,20.5
1386,Surry_3,w.spruce,local,N,1,16.2,5.5,16.2
1387,Surry_3,r.oak,local,Y,1,6.5,5.5,7.5
1388,Surry_3,s.gum,southern,N,1,41,2.5,41
1389,Surry_3,w.pine,local,N,1,25,5.5,25
1390,Surry_3,tulip,southern,N,1,3,5.5,3
1391,Surry_3,ch.oak,maine,N,1,-11.8,5.5,5.7
1392,Surry_3,w.oak,maine,N,1,7.2,5.5,7.2
1393,Surry_3,r.cedar,maine,N,1,-13,3,7
1394,Surry_3,tulip,southern,N,1,-22,2,0
1395,Surry_3,r.cedar,maine,N,1,0,0,0
1396,Surry_3,w.oak,maine,Y,1,51,5.5,51
1397,Surry_3,ch.oak,maine,Y,1,-22.5,2.5,1.5
1398,Surry_3,s.gum,southern,N,1,-5.8,5.5,9.2
1399,Surry_3,w.spruce,local,N,1,13,5.5,25
1400,Surry_3,w.pine,local,N,1,74.3,5.5,74.3
1401,Surry_3,r.oak,local,N,1,-36.5,2.5,0
1402,Surry_3,r.cedar,maine,N,1,-1.9,0.5,0
1403,Surry_3,w.oak,maine,N,1,7,2.5,7
1404,Surry_3,s.gum,southern,N,1,-0.8,5.5,22.7
1405,Surry_3,w.pine,local,Y,1,68.5,4.5,71.5
1406,Surry_3,w.spruce,local,N,1,23,5.5,23
1407,Surry_3,r.oak,local,N,1,-43,1,0
1408,Surry_3,ch.oak,maine,Y,1,-44.5,5.5,15.5
1409,Surry_3,tulip,southern,N,1,-2.6,2.5,13.4
1410,Surry_3,r.oak,local,N,1,0,0,0
1411,Surry_3,s.gum,southern,N,1,-0.5,5.5,13.5
1412,Surry_3,w.spruce,local,N,1,45.5,5.5,45.5
1413,Surry_3,tulip,southern,Y,,-63.5,1.5,10.5
1414,Surry_3,ch.oak,maine,N,1,-32.5,5.5,0.5
1415,Surry_3,r.cedar,maine,N,1,0,0,0
1416,Surry_3,w.oak,maine,Y,1,22,5.5,61
1417,Surry_3,w.pine,local,N,1,50.5,5.5,50.5
1418,Surry_3,r.cedar,maine,Y,1,-1.5,0.5,0
1419,Surry_3,w.spruce,local,N,1,21.5,5.5,22.5
1420,Surry_3,ch.oak,maine,N,1,-51,5.5,0
1421,Surry_3,r.oak,local,Y,1,21,5.5,38
1422,Surry_3,w.pine,local,Y,1,69,4.5,92
1423,Surry_3,tulip,southern,N,1,-36,1.5,0
1424,Surry_3,s.gum,southern,Y,1,-2,2.5,47.5
1425,Surry_3,w.oak,maine,N,1,0,0,0
1426,Surry_3,ch.oak,maine,N,1,10,2.5,10
1427,Surry_3,w.pine,local,N,1,0,0,0
1428,Surry_3,tulip,southern,N,1,-4.5,0.5,0
1429,Surry_3,r.oak,local,N,1,-17,5.5,29
1430,Surry_3,w.oak,maine,N,1,4.5,2.5,4.5
1431,Surry_3,w.spruce,local,Y,1,22,5.5,22
1432,Surry_3,r.cedar,maine,N,1,0,0,0
1433,Surry_3,s.gum,southern,N,1,4.5,0.5,4.5
1434,Surry_3,ch.oak,maine,Y,1,-20,5.5,21
1435,Surry_3,tulip,southern,Y,1,-56,2.5,0
1436,Surry_3,w.pine,local,N,1,0,0,0
1437,Surry_3,s.gum,southern,N,1,-20,4.5,21.5
1438,Surry_3,r.cedar,maine,N,1,-1,0.5,0
1439,Surry_3,w.oak,maine,N,1,7.5,5.5,11.5
1440,Surry_3,w.spruce,local,N,1,10.5,5.5,10.5
1441,Surry_3,r.oak,local,N,1,0,0,0
1443,Surry_4,tulip,southern,N,1,-17.5,2.5,0
1444,Surry_4,r.oak,local,N,1,135.1,5.5,135.1
1445,Surry_4,s.gum,southern,N,1,-0.7,5.5,31.3
1446,Surry_4,w.spruce,local,N,1,6.3,3.5,6.8
1447,Surry_4,w.oak,maine,N,1,4,5.5,4
1448,Surry_4,ch.oak,maine,Y,1,6.1,5.5,15.1
1450,Surry_4,w.oak,maine,N,1,5.1,2.5,11.6
1452,Surry_4,w.spruce,local,N,1,13.6,5.5,13.6
1453,Surry_4,r.cedar,maine,N,1,-10.3,2,0
1454,Surry_4,ch.oak,maine,Y,1,1.1,5.5,42.1
1455,Surry_4,tulip,southern,Y,1,-29.4,2.5,2.6
1456,Surry_4,w.pine,local,N,1,19.8,5.5,19.8
1457,Surry_4,s.gum,southern,N,1,26.6,2.5,26.6
1458,Surry_4,w.oak,maine,Y,1,12.8,5.5,21.8
1459,Surry_4,tulip,southern,N,1,-23.6,2.5,4.9
1460,Surry_4,w.pine,local,N,1,29,2.5,29
1461,Surry_4,ch.oak,maine,Y,1,1,5.5,5
1462,Surry_4,r.oak,local,N,1,0,0,0
1463,Surry_4,s.gum,southern,N,1,5.7,5.5,18.2
1464,Surry_4,w.spruce,local,Y,1,12.2,2.5,12.2
1465,Surry_4,r.cedar,maine,N,1,-25.3,2.5,0
1466,Surry_4,w.pine,local,N,1,33.6,2.5,33.6
1467,Surry_4,r.cedar,maine,N,1,-0.9,0.5,0
1468,Surry_4,tulip,southern,N,1,-23.5,2.5,0
1469,Surry_4,w.oak,maine,N,1,8.6,5.5,8.6
1470,Surry_4,s.gum,southern,N,1,32.1,2.5,32.1
1471,Surry_4,ch.oak,maine,Y,1,-7.6,5.5,6.4
1472,Surry_4,r.oak,local,Y,1,-24.5,3,0
1473,Surry_4,w.spruce,local,N,1,11.6,2.5,11.6
1474,Surry_4,s.gum,southern,N,1,-2.3,3.5,10.7
1475,Surry_4,r.oak,local,N,1,-20,5.5,0
1476,Surry_4,r.cedar,maine,N,1,-1.5,0.5,0
1477,Surry_4,w.spruce,local,N,1,2.9,0.5,2.9
1478,Surry_4,w.oak,maine,N,1,10.1,3.5,10.1
1479,Surry_4,w.pine,local,N,1,51,5.5,51
1480,Surry_4,tulip,southern,N,1,-1.7,1.5,4.3
1481,Surry_4,ch.oak,maine,Y,1,-6.3,5.5,19.7
1482,Surry_4,w.spruce,local,N,1,59.9,5.5,59.9
1483,Surry_4,r.oak,local,N,1,16.2,2.5,16.2
1484,Surry_4,s.gum,southern,Y,1,-0.6,4.5,44.4
1485,Surry_4,w.pine,local,N,1,36.9,5.5,36.9
1486,Surry_4,tulip,southern,N,1,2.5,2.5,2.5
1487,Surry_4,ch.oak,maine,N,1,24,5.5,24
1488,Surry_4,w.oak,maine,Y,1,10.6,5.5,10.6
1489,Surry_4,r.cedar,maine,N,1,20.9,2.5,20.9
1490,Surry_4,tulip,southern,Y,1,-35.1,2.5,0
1491,Surry_4,r.cedar,maine,N,1,0,0,0
1492,Surry_4,w.oak,maine,Y,1,56.8,5.5,56.8
1493,Surry_4,ch.oak,maine,N,1,9.5,5.5,11.5
1494,Surry_4,s.gum,southern,N,1,-5.2,5.5,19.3
1495,Surry_4,w.spruce,local,N,1,24.7,5.5,24.7
1496,Surry_4,w.pine,local,N,1,5.3,2.5,5.3
1497,Surry_4,r.oak,local,N,1,-34.1,5.5,0
1498,Surry_4,r.cedar,maine,N,1,0,0,0
1499,Surry_4,w.oak,maine,N,1,29.8,5.5,29.8
1500,Surry_4,s.gum,southern,N,1,-12.5,4.5,14.5
1501,Surry_4,w.pine,local,N,1,8.3,5.5,52.3
1502,Surry_4,w.spruce,local,N,1,4.2,5.5,4.2
1503,Surry_4,r.oak,local,Y,1,-3.2,0.5,0
1504,Surry_4,ch.oak,maine,N,1,-18.6,5.5,32.4
1505,Surry_4,tulip,southern,N,1,-34.6,1.5,0
1506,Surry_4,r.oak,local,Y,1,0,0,0
1507,Surry_4,s.gum,southern,N,1,-4,4.5,7
1508,Surry_4,w.spruce,local,N,1,12.5,2.5,12.5
1509,Surry_4,tulip,southern,Y,1,-53.5,2.5,0
1510,Surry_4,ch.oak,maine,N,1,3.2,5.5,4.7
1511,Surry_4,r.cedar,maine,N,1,0,0,0
1512,Surry_4,w.oak,maine,Y,1,6.4,5.5,22.4
1513,Surry_4,w.pine,local,N,1,8.8,5.5,30.8
1514,Surry_4,r.cedar,maine,N,1,-2.5,0.5,0
1515,Surry_4,w.spruce,local,N,1,25,5.5,25
1516,Surry_4,ch.oak,maine,Y,1,-23.5,5.5,10.5
1517,Surry_4,r.oak,local,N,1,-18.5,5.5,10.5
1518,Surry_4,w.pine,local,N,1,15.5,5.5,22.5
1519,Surry_4,tulip,southern,Y,1,0,0,0
1520,Surry_4,s.gum,southern,Y,1,-8,4.5,35
1521,Surry_4,w.oak,maine,N,1,0,0,0
1522,Surry_4,ch.oak,maine,N,1,-13,5.5,0
1523,Surry_4,w.pine,local,Y,1,0,0,0
1524,Surry_4,tulip,southern,N,1,18,2,26
1525,Surry_4,r.oak,local,Y,1,32,5.5,34
1526,Surry_4,w.oak,maine,N,1,32,5.5,32
1527,Surry_4,w.spruce,local,N,1,-15.5,3,5.5
1528,Surry_4,r.cedar,maine,N,1,0,0,0
1529,Surry_4,s.gum,southern,N,1,-30,2,0
1530,Surry_4,ch.oak,maine,N,1,19,5.5,19
1531,Surry_4,tulip,southern,N,1,-25,5.5,0
1532,Surry_4,w.pine,local,N,1,,3.5,0
1533,Surry_4,s.gum,southern,N,,9.5,3.5,11
1534,Surry_4,r.cedar,maine,Y,1,0,0,0
1535,Surry_4,w.oak,maine,Y,1,36.5,5.5,36.5
1536,Surry_4,w.spruce,local,N,1,-14,2.5,0
1537,Surry_4,r.oak,local,Y,1,7,0.5,7
